Id;Num2DNeighbours;2DNeighbours;Num3DNeighbours;3DNeighbours
0;2;1;0;0
1;2;21;0;0
2;2;0;10;0
3;2;0;4294967295;0
4;2;4294967295;0;0
5;2;2;1;0
6;2;1;11;0
7;2;1;21;0
8;2;4294967295;1;0
9;2;3;2;0
10;2;12;2;0
11;2;2;11;0
12;2;4294967295;2;0
13;2;4;3;0
14;2;13;3;0
15;2;3;12;0
16;2;4294967295;3;0
17;2;5;4;0
18;2;14;4;0
19;2;4;13;0
20;2;4294967295;4;0
21;2;4294967295;5;0
22;2;43;5;0
23;2;5;15;0
24;2;5;14;0
25;2;4294967295;6;0
26;2;7;6;0
27;2;6;17;0
28;2;16;6;0
29;2;6;242;0
30;2;18;7;0
31;2;7;17;0
32;2;4294967295;7;0
33;2;7;8;0
34;2;4294967295;8;0
35;2;9;8;0
36;2;19;8;0
37;2;8;18;0
38;2;4294967295;9;0
39;2;9;10;0
40;2;9;20;0
41;2;9;19;0
42;2;21;10;0
43;2;10;20;0
44;2;10;4294967295;0
45;2;11;21;0
46;2;12;11;0
47;2;11;28;0
48;2;11;20;0
49;2;13;12;0
50;2;22;12;0
51;2;12;28;0
52;2;14;13;0
53;2;23;13;0
54;2;13;22;0
55;2;15;14;0
56;2;14;24;0
57;2;14;23;0
58;2;15;24;0
59;2;43;15;0
60;2;15;48;0
61;2;15;53;0
62;2;25;16;0
63;2;252;16;0
64;2;16;247;0
65;2;16;242;0
66;2;17;16;0
67;2;18;17;0
68;2;26;17;0
69;2;17;25;0
70;2;19;18;0
71;2;18;27;0
72;2;18;26;0
73;2;20;19;0
74;2;28;19;0
75;2;19;27;0
76;2;21;20;0
77;2;28;20;0
78;2;22;29;0
79;2;34;22;0
80;2;22;28;0
81;2;23;22;0
82;2;24;23;0
83;2;23;30;0
84;2;23;29;0
85;2;53;24;0
86;2;58;24;0
87;2;24;30;0
88;2;26;25;0
89;2;25;32;0
90;2;25;31;0
91;2;25;252;0
92;2;27;26;0
93;2;33;26;0
94;2;26;32;0
95;2;28;27;0
96;2;27;34;0
97;2;27;33;0
98;2;34;28;0
99;2;30;29;0
100;2;37;29;0
101;2;29;42;0
102;2;33;29;0
103;2;29;34;0
104;2;58;30;0
105;2;35;30;0
106;2;30;37;0
107;2;32;31;0
108;2;36;31;0
109;2;262;31;0
110;2;257;31;0
111;2;31;252;0
112;2;33;32;0
113;2;42;32;0
114;2;32;36;0
115;2;42;33;0
116;2;34;33;0
117;2;38;35;0
118;2;35;37;0
119;2;58;35;0
120;2;64;35;0
121;2;35;39;0
122;2;42;36;0
123;2;36;38;0
124;2;36;40;0
125;2;36;262;0
126;2;37;42;0
127;2;38;37;0
128;2;39;38;0
129;2;41;38;0
130;2;38;40;0
131;2;42;38;0
132;2;64;39;0
133;2;69;39;0
134;2;78;39;0
135;2;39;41;0
136;2;41;40;0
137;2;40;272;0
138;2;40;267;0
139;2;40;262;0
140;2;78;41;0
141;2;41;272;0
142;2;44;43;0
143;2;43;48;0
144;2;4294967295;43;0
145;2;45;44;0
146;2;49;44;0
147;2;44;48;0
148;2;4294967295;44;0
149;2;46;45;0
150;2;50;45;0
151;2;45;49;0
152;2;4294967295;45;0
153;2;47;46;0
154;2;51;46;0
155;2;46;50;0
156;2;4294967295;46;0
157;2;4294967295;47;0
158;2;79;47;0
159;2;47;52;0
160;2;47;51;0
161;2;54;48;0
162;2;48;53;0
163;2;49;48;0
164;2;55;49;0
165;2;49;54;0
166;2;50;49;0
167;2;51;50;0
168;2;50;56;0
169;2;50;55;0
170;2;52;51;0
171;2;57;51;0
172;2;51;56;0
173;2;79;52;0
174;2;52;85;0
175;2;91;52;0
176;2;52;57;0
177;2;54;53;0
178;2;59;53;0
179;2;53;58;0
180;2;60;54;0
181;2;54;59;0
182;2;55;54;0
183;2;61;55;0
184;2;55;60;0
185;2;56;55;0
186;2;57;56;0
187;2;56;62;0
188;2;56;61;0
189;2;91;57;0
190;2;57;63;0
191;2;57;62;0
192;2;59;58;0
193;2;58;64;0
194;2;60;59;0
195;2;65;59;0
196;2;59;64;0
197;2;61;60;0
198;2;66;60;0
199;2;60;65;0
200;2;62;61;0
201;2;61;67;0
202;2;61;66;0
203;2;63;62;0
204;2;68;62;0
205;2;62;67;0
206;2;91;63;0
207;2;63;97;0
208;2;63;103;0
209;2;63;68;0
210;2;65;64;0
211;2;64;69;0
212;2;66;65;0
213;2;70;65;0
214;2;65;69;0
215;2;67;66;0
216;2;66;71;0
217;2;66;70;0
218;2;68;67;0
219;2;67;72;0
220;2;67;71;0
221;2;103;68;0
222;2;68;73;0
223;2;68;72;0
224;2;70;69;0
225;2;69;74;0
226;2;69;78;0
227;2;71;70;0
228;2;75;70;0
229;2;70;74;0
230;2;72;71;0
231;2;76;71;0
232;2;71;75;0
233;2;72;76;0
234;2;73;72;0
235;2;72;77;0
236;2;103;73;0
237;2;109;73;0
238;2;73;115;0
239;2;73;77;0
240;2;75;74;0
241;2;273;74;0
242;2;74;281;0
243;2;74;78;0
244;2;76;75;0
245;2;75;274;0
246;2;75;273;0
247;2;77;76;0
248;2;76;275;0
249;2;76;274;0
250;2;115;77;0
251;2;77;276;0
252;2;77;275;0
253;2;281;78;0
254;2;78;272;0
255;2;80;79;0
256;2;79;85;0
257;2;4294967295;79;0
258;2;81;80;0
259;2;86;80;0
260;2;80;85;0
261;2;4294967295;80;0
262;2;82;81;0
263;2;87;81;0
264;2;81;86;0
265;2;4294967295;81;0
266;2;83;82;0
267;2;88;82;0
268;2;82;87;0
269;2;4294967295;82;0
270;2;84;83;0
271;2;89;83;0
272;2;83;88;0
273;2;4294967295;83;0
274;2;4294967295;84;0
275;2;121;84;0
276;2;84;90;0
277;2;84;89;0
278;2;92;85;0
279;2;85;91;0
280;2;86;85;0
281;2;93;86;0
282;2;86;92;0
283;2;87;86;0
284;2;88;87;0
285;2;87;94;0
286;2;87;93;0
287;2;95;88;0
288;2;88;94;0
289;2;89;88;0
290;2;90;89;0
291;2;89;96;0
292;2;89;95;0
293;2;121;90;0
294;2;90;127;0
295;2;132;90;0
296;2;90;96;0
297;2;92;91;0
298;2;91;97;0
299;2;93;92;0
300;2;92;98;0
301;2;92;97;0
302;2;94;93;0
303;2;99;93;0
304;2;93;98;0
305;2;100;94;0
306;2;94;99;0
307;2;95;94;0
308;2;101;95;0
309;2;95;100;0
310;2;96;95;0
311;2;132;96;0
312;2;96;102;0
313;2;96;101;0
314;2;98;97;0
315;2;104;97;0
316;2;97;103;0
317;2;99;98;0
318;2;105;98;0
319;2;98;104;0
320;2;100;99;0
321;2;106;99;0
322;2;99;105;0
323;2;101;100;0
324;2;107;100;0
325;2;100;106;0
326;2;102;101;0
327;2;108;101;0
328;2;101;107;0
329;2;132;102;0
330;2;102;138;0
331;2;143;102;0
332;2;102;108;0
333;2;104;103;0
334;2;103;109;0
335;2;105;104;0
336;2;110;104;0
337;2;104;109;0
338;2;106;105;0
339;2;111;105;0
340;2;105;110;0
341;2;112;106;0
342;2;106;111;0
343;2;107;106;0
344;2;108;107;0
345;2;107;113;0
346;2;107;112;0
347;2;143;108;0
348;2;108;114;0
349;2;108;113;0
350;2;110;109;0
351;2;116;109;0
352;2;109;115;0
353;2;111;110;0
354;2;117;110;0
355;2;110;116;0
356;2;112;111;0
357;2;111;118;0
358;2;111;117;0
359;2;113;112;0
360;2;119;112;0
361;2;112;118;0
362;2;114;113;0
363;2;120;113;0
364;2;113;119;0
365;2;143;114;0
366;2;114;149;0
367;2;154;114;0
368;2;114;120;0
369;2;116;115;0
370;2;306;115;0
371;2;115;276;0
372;2;117;116;0
373;2;307;116;0
374;2;116;306;0
375;2;118;117;0
376;2;117;308;0
377;2;117;307;0
378;2;309;118;0
379;2;118;308;0
380;2;119;118;0
381;2;120;119;0
382;2;119;310;0
383;2;119;309;0
384;2;154;120;0
385;2;311;120;0
386;2;120;310;0
387;2;122;121;0
388;2;121;127;0
389;2;4294967295;121;0
390;2;123;122;0
391;2;128;122;0
392;2;122;127;0
393;2;4294967295;122;0
394;2;124;123;0
395;2;129;123;0
396;2;123;128;0
397;2;4294967295;123;0
398;2;125;124;0
399;2;130;124;0
400;2;124;129;0
401;2;4294967295;124;0
402;2;126;125;0
403;2;131;125;0
404;2;125;130;0
405;2;4294967295;125;0
406;2;160;126;0
407;2;165;126;0
408;2;126;131;0
409;2;4294967295;126;0
410;2;128;127;0
411;2;133;127;0
412;2;127;132;0
413;2;134;128;0
414;2;128;133;0
415;2;129;128;0
416;2;130;129;0
417;2;129;135;0
418;2;129;134;0
419;2;136;130;0
420;2;130;135;0
421;2;131;130;0
422;2;165;131;0
423;2;137;131;0
424;2;131;136;0
425;2;133;132;0
426;2;132;138;0
427;2;133;138;0
428;2;134;133;0
429;2;133;139;0
430;2;135;134;0
431;2;140;134;0
432;2;134;139;0
433;2;136;135;0
434;2;141;135;0
435;2;135;140;0
436;2;137;136;0
437;2;142;136;0
438;2;136;141;0
439;2;170;137;0
440;2;175;137;0
441;2;137;142;0
442;2;165;137;0
443;2;139;138;0
444;2;138;144;0
445;2;138;143;0
446;2;140;139;0
447;2;139;145;0
448;2;139;144;0
449;2;141;140;0
450;2;146;140;0
451;2;140;145;0
452;2;142;141;0
453;2;147;141;0
454;2;141;146;0
455;2;175;142;0
456;2;142;148;0
457;2;142;147;0
458;2;144;143;0
459;2;143;149;0
460;2;145;144;0
461;2;144;150;0
462;2;144;149;0
463;2;146;145;0
464;2;151;145;0
465;2;145;150;0
466;2;152;146;0
467;2;146;151;0
468;2;147;146;0
469;2;148;147;0
470;2;147;153;0
471;2;147;152;0
472;2;180;148;0
473;2;185;148;0
474;2;148;153;0
475;2;175;148;0
476;2;150;149;0
477;2;155;149;0
478;2;149;154;0
479;2;151;150;0
480;2;156;150;0
481;2;150;155;0
482;2;152;151;0
483;2;157;151;0
484;2;151;156;0
485;2;153;152;0
486;2;158;152;0
487;2;152;157;0
488;2;185;153;0
489;2;153;159;0
490;2;153;158;0
491;2;340;154;0
492;2;154;311;0
493;2;155;154;0
494;2;156;155;0
495;2;155;341;0
496;2;155;340;0
497;2;157;156;0
498;2;156;342;0
499;2;156;341;0
500;2;343;157;0
501;2;157;342;0
502;2;158;157;0
503;2;159;158;0
504;2;344;158;0
505;2;158;343;0
506;2;185;159;0
507;2;159;190;0
508;2;371;159;0
509;2;159;344;0
510;2;161;160;0
511;2;166;160;0
512;2;160;165;0
513;2;4294967295;160;0
514;2;162;161;0
515;2;167;161;0
516;2;161;166;0
517;2;4294967295;161;0
518;2;163;162;0
519;2;168;162;0
520;2;162;167;0
521;2;4294967295;162;0
522;2;164;163;0
523;2;169;163;0
524;2;163;168;0
525;2;4294967295;163;0
526;2;196;164;0
527;2;206;164;0
528;2;164;169;0
529;2;4294967295;164;0
530;2;165;170;0
531;2;166;165;0
532;2;167;166;0
533;2;166;171;0
534;2;166;170;0
535;2;167;171;0
536;2;168;167;0
537;2;167;172;0
538;2;169;168;0
539;2;168;173;0
540;2;168;172;0
541;2;169;173;0
542;2;206;169;0
543;2;169;174;0
544;2;171;170;0
545;2;170;176;0
546;2;170;175;0
547;2;171;176;0
548;2;172;171;0
549;2;171;177;0
550;2;173;172;0
551;2;172;178;0
552;2;172;177;0
553;2;174;173;0
554;2;179;173;0
555;2;173;178;0
556;2;206;174;0
557;2;174;217;0
558;2;174;224;0
559;2;174;179;0
560;2;176;175;0
561;2;175;180;0
562;2;177;176;0
563;2;176;181;0
564;2;176;180;0
565;2;178;177;0
566;2;182;177;0
567;2;177;181;0
568;2;179;178;0
569;2;183;178;0
570;2;178;182;0
571;2;224;179;0
572;2;184;179;0
573;2;179;183;0
574;2;181;180;0
575;2;180;186;0
576;2;180;185;0
577;2;182;181;0
578;2;181;187;0
579;2;181;186;0
580;2;183;182;0
581;2;182;188;0
582;2;182;187;0
583;2;184;183;0
584;2;183;189;0
585;2;183;188;0
586;2;184;189;0
587;2;224;184;0
588;2;230;184;0
589;2;184;233;0
590;2;186;185;0
591;2;185;190;0
592;2;187;186;0
593;2;191;186;0
594;2;186;190;0
595;2;188;187;0
596;2;192;187;0
597;2;187;191;0
598;2;188;192;0
599;2;189;188;0
600;2;188;193;0
601;2;233;189;0
602;2;189;194;0
603;2;189;193;0
604;2;190;371;0
605;2;191;190;0
606;2;372;190;0
607;2;192;191;0
608;2;373;191;0
609;2;191;372;0
610;2;192;373;0
611;2;193;192;0
612;2;192;374;0
613;2;194;193;0
614;2;193;379;0
615;2;193;374;0
616;2;233;194;0
617;2;236;194;0
618;2;439;194;0
619;2;194;379;0
620;2;4294967295;195;0
621;2;201;195;0
622;2;216;195;0
623;2;195;200;0
624;2;4294967295;195;0
625;2;197;196;0
626;2;207;196;0
627;2;196;206;0
628;2;4294967295;196;0
629;2;198;197;0
630;2;208;197;0
631;2;197;207;0
632;2;4294967295;197;0
633;2;199;198;0
634;2;209;198;0
635;2;198;208;0
636;2;4294967295;198;0
637;2;200;199;0
638;2;210;199;0
639;2;199;209;0
640;2;4294967295;199;0
641;2;216;200;0
642;2;200;210;0
643;2;200;4294967295;0
644;2;4294967295;201;0
645;2;202;201;0
646;2;211;201;0
647;2;201;216;0
648;2;4294967295;202;0
649;2;202;203;0
650;2;212;202;0
651;2;202;211;0
652;2;204;203;0
653;2;203;213;0
654;2;203;212;0
655;2;4294967295;203;0
656;2;4294967295;204;0
657;2;205;204;0
658;2;204;214;0
659;2;204;213;0
660;2;4294967295;205;0
661;2;404;205;0
662;2;205;215;0
663;2;205;214;0
664;2;206;217;0
665;2;207;206;0
666;2;208;207;0
667;2;218;207;0
668;2;207;217;0
669;2;209;208;0
670;2;208;219;0
671;2;208;218;0
672;2;210;209;0
673;2;209;223;0
674;2;209;219;0
675;2;210;223;0
676;2;216;210;0
677;2;210;211;0
678;2;212;211;0
679;2;211;223;0
680;2;211;216;0
681;2;213;212;0
682;2;212;220;0
683;2;212;223;0
684;2;214;213;0
685;2;221;213;0
686;2;213;220;0
687;2;215;214;0
688;2;214;222;0
689;2;214;221;0
690;2;404;215;0
691;2;215;409;0
692;2;414;215;0
693;2;215;222;0
694;2;218;217;0
695;2;225;217;0
696;2;217;224;0
697;2;219;218;0
698;2;218;226;0
699;2;218;225;0
700;2;223;219;0
701;2;229;219;0
702;2;219;226;0
703;2;220;223;0
704;2;221;220;0
705;2;227;220;0
706;2;220;229;0
707;2;222;221;0
708;2;221;228;0
709;2;221;227;0
710;2;414;222;0
711;2;222;419;0
712;2;222;228;0
713;2;223;229;0
714;2;224;230;0
715;2;225;224;0
716;2;226;225;0
717;2;237;225;0
718;2;225;230;0
719;2;226;227;0
720;2;226;237;0
721;2;229;226;0
722;2;228;227;0
723;2;232;227;0
724;2;227;237;0
725;2;227;229;0
726;2;419;228;0
727;2;231;228;0
728;2;228;232;0
729;2;230;233;0
730;2;237;230;0
731;2;230;234;0
732;2;419;231;0
733;2;231;425;0
734;2;231;235;0
735;2;234;231;0
736;2;231;232;0
737;2;234;232;0
738;2;232;237;0
739;2;234;233;0
740;2;233;236;0
741;2;237;234;0
742;2;235;234;0
743;2;234;236;0
744;2;425;235;0
745;2;430;235;0
746;2;439;235;0
747;2;235;236;0
748;2;236;439;0
749;2;445;238;0
750;2;238;4294967295;0
751;2;239;238;0
752;2;244;238;0
753;2;238;243;0
754;2;4294967295;239;0
755;2;240;239;0
756;2;245;239;0
757;2;239;244;0
758;2;4294967295;240;0
759;2;241;240;0
760;2;246;240;0
761;2;240;245;0
762;2;4294967295;241;0
763;2;242;241;0
764;2;247;241;0
765;2;241;246;0
766;2;247;242;0
767;2;242;4294967295;0
768;2;243;445;0
769;2;244;243;0
770;2;248;243;0
771;2;243;457;0
772;2;243;451;0
773;2;245;244;0
774;2;249;244;0
775;2;244;248;0
776;2;246;245;0
777;2;250;245;0
778;2;245;249;0
779;2;247;246;0
780;2;246;251;0
781;2;246;250;0
782;2;252;247;0
783;2;247;251;0
784;2;249;248;0
785;2;248;254;0
786;2;253;248;0
787;2;248;457;0
788;2;250;249;0
789;2;255;249;0
790;2;249;254;0
791;2;251;250;0
792;2;256;250;0
793;2;250;255;0
794;2;252;251;0
795;2;251;257;0
796;2;251;256;0
797;2;257;252;0
798;2;254;253;0
799;2;258;253;0
800;2;253;469;0
801;2;253;463;0
802;2;253;457;0
803;2;255;254;0
804;2;259;254;0
805;2;254;258;0
806;2;256;255;0
807;2;260;255;0
808;2;255;259;0
809;2;257;256;0
810;2;261;256;0
811;2;256;260;0
812;2;257;261;0
813;2;262;257;0
814;2;259;258;0
815;2;264;258;0
816;2;258;263;0
817;2;258;469;0
818;2;265;259;0
819;2;259;264;0
820;2;260;259;0
821;2;261;260;0
822;2;266;260;0
823;2;260;265;0
824;2;262;261;0
825;2;261;267;0
826;2;261;266;0
827;2;267;262;0
828;2;263;469;0
829;2;264;263;0
830;2;268;263;0
831;2;263;481;0
832;2;263;475;0
833;2;265;264;0
834;2;269;264;0
835;2;264;268;0
836;2;266;265;0
837;2;265;270;0
838;2;265;269;0
839;2;267;266;0
840;2;266;271;0
841;2;266;270;0
842;2;272;267;0
843;2;267;271;0
844;2;269;268;0
845;2;278;268;0
846;2;277;268;0
847;2;268;481;0
848;2;270;269;0
849;2;269;279;0
850;2;269;278;0
851;2;271;270;0
852;2;280;270;0
853;2;270;279;0
854;2;281;271;0
855;2;271;280;0
856;2;272;271;0
857;2;281;272;0
858;2;289;273;0
859;2;273;281;0
860;2;274;273;0
861;2;273;282;0
862;2;283;274;0
863;2;274;282;0
864;2;275;274;0
865;2;276;275;0
866;2;275;284;0
867;2;275;283;0
868;2;306;276;0
869;2;285;276;0
870;2;276;284;0
871;2;278;277;0
872;2;286;277;0
873;2;277;492;0
874;2;277;486;0
875;2;277;481;0
876;2;279;278;0
877;2;287;278;0
878;2;278;286;0
879;2;280;279;0
880;2;288;279;0
881;2;279;287;0
882;2;281;280;0
883;2;280;289;0
884;2;280;288;0
885;2;289;281;0
886;2;282;289;0
887;2;283;282;0
888;2;294;282;0
889;2;282;295;0
890;2;284;283;0
891;2;283;290;0
892;2;283;294;0
893;2;291;284;0
894;2;284;290;0
895;2;285;284;0
896;2;306;285;0
897;2;312;285;0
898;2;285;317;0
899;2;285;291;0
900;2;287;286;0
901;2;293;286;0
902;2;292;286;0
903;2;286;492;0
904;2;288;287;0
905;2;305;287;0
906;2;287;293;0
907;2;295;288;0
908;2;288;305;0
909;2;289;288;0
910;2;295;289;0
911;2;291;290;0
912;2;290;296;0
913;2;300;290;0
914;2;290;294;0
915;2;317;291;0
916;2;291;297;0
917;2;291;296;0
918;2;293;292;0
919;2;299;292;0
920;2;298;292;0
921;2;497;292;0
922;2;292;492;0
923;2;305;293;0
924;2;300;293;0
925;2;293;299;0
926;2;300;294;0
927;2;294;295;0
928;2;300;295;0
929;2;295;305;0
930;2;297;296;0
931;2;296;301;0
932;2;303;296;0
933;2;296;300;0
934;2;317;297;0
935;2;323;297;0
936;2;297;328;0
937;2;297;301;0
938;2;299;298;0
939;2;302;298;0
940;2;507;298;0
941;2;298;502;0
942;2;298;497;0
943;2;303;299;0
944;2;299;302;0
945;2;300;299;0
946;2;303;300;0
947;2;305;300;0
948;2;302;301;0
949;2;301;303;0
950;2;328;301;0
951;2;301;339;0
952;2;301;304;0
953;2;303;302;0
954;2;304;302;0
955;2;302;507;0
956;2;339;304;0
957;2;304;522;0
958;2;512;304;0
959;2;304;507;0
960;2;307;306;0
961;2;306;312;0
962;2;308;307;0
963;2;313;307;0
964;2;307;312;0
965;2;309;308;0
966;2;314;308;0
967;2;308;313;0
968;2;310;309;0
969;2;315;309;0
970;2;309;314;0
971;2;311;310;0
972;2;316;310;0
973;2;310;315;0
974;2;340;311;0
975;2;345;311;0
976;2;311;316;0
977;2;318;312;0
978;2;312;317;0
979;2;313;312;0
980;2;319;313;0
981;2;313;318;0
982;2;314;313;0
983;2;315;314;0
984;2;314;320;0
985;2;314;319;0
986;2;316;315;0
987;2;315;321;0
988;2;315;320;0
989;2;345;316;0
990;2;322;316;0
991;2;316;321;0
992;2;318;317;0
993;2;317;323;0
994;2;319;318;0
995;2;324;318;0
996;2;318;323;0
997;2;325;319;0
998;2;319;324;0
999;2;320;319;0
1000;2;321;320;0
1001;2;326;320;0
1002;2;320;325;0
1003;2;322;321;0
1004;2;327;321;0
1005;2;321;326;0
1006;2;345;322;0
1007;2;322;351;0
1008;2;322;356;0
1009;2;322;327;0
1010;2;323;328;0
1011;2;324;323;0
1012;2;329;323;0
1013;2;325;324;0
1014;2;330;324;0
1015;2;324;329;0
1016;2;326;325;0
1017;2;331;325;0
1018;2;325;330;0
1019;2;327;326;0
1020;2;326;332;0
1021;2;326;331;0
1022;2;333;327;0
1023;2;327;332;0
1024;2;356;327;0
1025;2;329;328;0
1026;2;328;334;0
1027;2;328;339;0
1028;2;335;329;0
1029;2;329;334;0
1030;2;330;329;0
1031;2;331;330;0
1032;2;336;330;0
1033;2;330;335;0
1034;2;332;331;0
1035;2;331;337;0
1036;2;331;336;0
1037;2;333;332;0
1038;2;338;332;0
1039;2;332;337;0
1040;2;356;333;0
1041;2;361;333;0
1042;2;366;333;0
1043;2;333;338;0
1044;2;335;334;0
1045;2;513;334;0
1046;2;522;334;0
1047;2;334;339;0
1048;2;336;335;0
1049;2;514;335;0
1050;2;335;513;0
1051;2;515;336;0
1052;2;336;514;0
1053;2;337;336;0
1054;2;338;337;0
1055;2;516;337;0
1056;2;337;515;0
1057;2;366;338;0
1058;2;517;338;0
1059;2;338;516;0
1060;2;339;522;0
1061;2;341;340;0
1062;2;346;340;0
1063;2;340;345;0
1064;2;342;341;0
1065;2;347;341;0
1066;2;341;346;0
1067;2;343;342;0
1068;2;348;342;0
1069;2;342;347;0
1070;2;344;343;0
1071;2;349;343;0
1072;2;343;348;0
1073;2;371;344;0
1074;2;350;344;0
1075;2;344;349;0
1076;2;346;345;0
1077;2;345;351;0
1078;2;346;351;0
1079;2;347;346;0
1080;2;346;352;0
1081;2;347;352;0
1082;2;348;347;0
1083;2;347;353;0
1084;2;349;348;0
1085;2;348;354;0
1086;2;348;353;0
1087;2;350;349;0
1088;2;349;355;0
1089;2;349;354;0
1090;2;371;350;0
1091;2;380;350;0
1092;2;350;388;0
1093;2;350;355;0
1094;2;351;356;0
1095;2;352;351;0
1096;2;351;357;0
1097;2;353;352;0
1098;2;352;358;0
1099;2;352;357;0
1100;2;354;353;0
1101;2;353;359;0
1102;2;353;358;0
1103;2;355;354;0
1104;2;360;354;0
1105;2;354;359;0
1106;2;388;355;0
1107;2;394;355;0
1108;2;355;360;0
1109;2;357;356;0
1110;2;356;361;0
1111;2;358;357;0
1112;2;362;357;0
1113;2;357;361;0
1114;2;359;358;0
1115;2;363;358;0
1116;2;358;362;0
1117;2;359;363;0
1118;2;360;359;0
1119;2;359;364;0
1120;2;394;360;0
1121;2;360;365;0
1122;2;360;364;0
1123;2;362;361;0
1124;2;361;367;0
1125;2;361;366;0
1126;2;363;362;0
1127;2;368;362;0
1128;2;362;367;0
1129;2;364;363;0
1130;2;369;363;0
1131;2;363;368;0
1132;2;365;364;0
1133;2;364;370;0
1134;2;364;369;0
1135;2;399;365;0
1136;2;402;365;0
1137;2;365;370;0
1138;2;394;365;0
1139;2;367;366;0
1140;2;549;366;0
1141;2;366;517;0
1142;2;368;367;0
1143;2;550;367;0
1144;2;367;549;0
1145;2;369;368;0
1146;2;551;368;0
1147;2;368;550;0
1148;2;370;369;0
1149;2;552;369;0
1150;2;369;551;0
1151;2;402;370;0
1152;2;370;553;0
1153;2;370;552;0
1154;2;372;371;0
1155;2;371;380;0
1156;2;381;372;0
1157;2;372;380;0
1158;2;373;372;0
1159;2;374;373;0
1160;2;382;373;0
1161;2;373;381;0
1162;2;379;374;0
1163;2;374;387;0
1164;2;374;382;0
1165;2;376;375;0
1166;2;375;383;0
1167;2;387;375;0
1168;2;379;375;0
1169;2;375;435;0
1170;2;436;375;0
1171;2;436;376;0
1172;2;437;376;0
1173;2;376;377;0
1174;2;384;376;0
1175;2;376;383;0
1176;2;437;377;0
1177;2;377;438;0
1178;2;378;377;0
1179;2;385;377;0
1180;2;377;384;0
1181;2;587;378;0
1182;2;378;386;0
1183;2;378;385;0
1184;2;438;378;0
1185;2;378;657;0
1186;2;379;435;0
1187;2;379;387;0
1188;2;439;379;0
1189;2;381;380;0
1190;2;389;380;0
1191;2;380;388;0
1192;2;382;381;0
1193;2;403;381;0
1194;2;381;389;0
1195;2;387;382;0
1196;2;393;382;0
1197;2;382;403;0
1198;2;384;383;0
1199;2;383;392;0
1200;2;393;383;0
1201;2;383;387;0
1202;2;385;384;0
1203;2;384;390;0
1204;2;384;392;0
1205;2;385;390;0
1206;2;386;385;0
1207;2;385;391;0
1208;2;587;386;0
1209;2;593;386;0
1210;2;386;598;0
1211;2;386;391;0
1212;2;387;393;0
1213;2;389;388;0
1214;2;388;395;0
1215;2;388;394;0
1216;2;403;389;0
1217;2;398;389;0
1218;2;389;395;0
1219;2;391;390;0
1220;2;396;390;0
1221;2;390;398;0
1222;2;390;392;0
1223;2;598;391;0
1224;2;391;397;0
1225;2;391;396;0
1226;2;398;392;0
1227;2;392;393;0
1228;2;398;393;0
1229;2;393;403;0
1230;2;395;394;0
1231;2;394;399;0
1232;2;395;399;0
1233;2;398;395;0
1234;2;395;401;0
1235;2;397;396;0
1236;2;400;396;0
1237;2;401;396;0
1238;2;396;398;0
1239;2;598;397;0
1240;2;604;397;0
1241;2;609;397;0
1242;2;397;400;0
1243;2;403;398;0
1244;2;398;401;0
1245;2;400;399;0
1246;2;399;402;0
1247;2;401;399;0
1248;2;620;400;0
1249;2;400;402;0
1250;2;400;401;0
1251;2;609;400;0
1252;2;620;402;0
1253;2;402;553;0
1254;2;404;409;0
1255;2;4294967295;404;0
1256;2;404;405;0
1257;2;4294967295;405;0
1258;2;406;405;0
1259;2;410;405;0
1260;2;405;409;0
1261;2;4294967295;406;0
1262;2;407;406;0
1263;2;411;406;0
1264;2;406;410;0
1265;2;4294967295;407;0
1266;2;408;407;0
1267;2;412;407;0
1268;2;407;411;0
1269;2;4294967295;408;0
1270;2;621;408;0
1271;2;408;413;0
1272;2;408;412;0
1273;2;410;409;0
1274;2;415;409;0
1275;2;409;414;0
1276;2;411;410;0
1277;2;416;410;0
1278;2;410;415;0
1279;2;412;411;0
1280;2;411;417;0
1281;2;411;416;0
1282;2;413;412;0
1283;2;418;412;0
1284;2;412;417;0
1285;2;413;418;0
1286;2;621;413;0
1287;2;627;413;0
1288;2;413;633;0
1289;2;415;414;0
1290;2;420;414;0
1291;2;414;419;0
1292;2;421;415;0
1293;2;415;420;0
1294;2;416;415;0
1295;2;417;416;0
1296;2;422;416;0
1297;2;416;421;0
1298;2;418;417;0
1299;2;423;417;0
1300;2;417;422;0
1301;2;418;423;0
1302;2;633;418;0
1303;2;418;424;0
1304;2;420;419;0
1305;2;419;425;0
1306;2;421;420;0
1307;2;426;420;0
1308;2;420;425;0
1309;2;422;421;0
1310;2;421;427;0
1311;2;421;426;0
1312;2;423;422;0
1313;2;428;422;0
1314;2;422;427;0
1315;2;424;423;0
1316;2;423;429;0
1317;2;423;428;0
1318;2;424;429;0
1319;2;633;424;0
1320;2;639;424;0
1321;2;424;645;0
1322;2;426;425;0
1323;2;425;430;0
1324;2;427;426;0
1325;2;426;431;0
1326;2;426;430;0
1327;2;428;427;0
1328;2;432;427;0
1329;2;427;431;0
1330;2;429;428;0
1331;2;433;428;0
1332;2;428;432;0
1333;2;645;429;0
1334;2;429;434;0
1335;2;429;433;0
1336;2;431;430;0
1337;2;430;435;0
1338;2;430;439;0
1339;2;432;431;0
1340;2;436;431;0
1341;2;431;435;0
1342;2;433;432;0
1343;2;432;437;0
1344;2;432;436;0
1345;2;434;433;0
1346;2;438;433;0
1347;2;433;437;0
1348;2;434;438;0
1349;2;645;434;0
1350;2;434;651;0
1351;2;657;434;0
1352;2;439;435;0
1353;2;435;436;0
1354;2;436;437;0
1355;2;437;438;0
1356;2;438;657;0
1357;2;668;440;0
1358;2;440;4294967295;0
1359;2;441;440;0
1360;2;447;440;0
1361;2;440;446;0
1362;2;4294967295;441;0
1363;2;442;441;0
1364;2;448;441;0
1365;2;441;447;0
1366;2;4294967295;442;0
1367;2;443;442;0
1368;2;449;442;0
1369;2;442;448;0
1370;2;4294967295;443;0
1371;2;444;443;0
1372;2;450;443;0
1373;2;443;449;0
1374;2;4294967295;444;0
1375;2;445;444;0
1376;2;451;444;0
1377;2;444;450;0
1378;2;445;4294967295;0
1379;2;451;445;0
1380;2;446;668;0
1381;2;447;446;0
1382;2;452;446;0
1383;2;446;679;0
1384;2;446;673;0
1385;2;448;447;0
1386;2;453;447;0
1387;2;447;452;0
1388;2;449;448;0
1389;2;454;448;0
1390;2;448;453;0
1391;2;450;449;0
1392;2;455;449;0
1393;2;449;454;0
1394;2;451;450;0
1395;2;456;450;0
1396;2;450;455;0
1397;2;457;451;0
1398;2;451;456;0
1399;2;453;452;0
1400;2;452;459;0
1401;2;452;458;0
1402;2;452;679;0
1403;2;454;453;0
1404;2;460;453;0
1405;2;453;459;0
1406;2;454;460;0
1407;2;455;454;0
1408;2;454;461;0
1409;2;456;455;0
1410;2;462;455;0
1411;2;455;461;0
1412;2;457;456;0
1413;2;463;456;0
1414;2;456;462;0
1415;2;463;457;0
1416;2;458;679;0
1417;2;459;458;0
1418;2;464;458;0
1419;2;690;458;0
1420;2;458;684;0
1421;2;460;459;0
1422;2;465;459;0
1423;2;459;464;0
1424;2;461;460;0
1425;2;466;460;0
1426;2;460;465;0
1427;2;462;461;0
1428;2;467;461;0
1429;2;461;466;0
1430;2;468;462;0
1431;2;462;467;0
1432;2;463;462;0
1433;2;469;463;0
1434;2;463;468;0
1435;2;464;690;0
1436;2;465;464;0
1437;2;471;464;0
1438;2;464;470;0
1439;2;466;465;0
1440;2;472;465;0
1441;2;465;471;0
1442;2;467;466;0
1443;2;473;466;0
1444;2;466;472;0
1445;2;474;467;0
1446;2;467;473;0
1447;2;468;467;0
1448;2;469;468;0
1449;2;475;468;0
1450;2;468;474;0
1451;2;475;469;0
1452;2;701;470;0
1453;2;470;695;0
1454;2;470;690;0
1455;2;471;470;0
1456;2;470;476;0
1457;2;472;471;0
1458;2;477;471;0
1459;2;471;476;0
1460;2;473;472;0
1461;2;478;472;0
1462;2;472;477;0
1463;2;473;478;0
1464;2;474;473;0
1465;2;473;479;0
1466;2;475;474;0
1467;2;480;474;0
1468;2;474;479;0
1469;2;481;475;0
1470;2;475;480;0
1471;2;482;476;0
1472;2;707;476;0
1473;2;476;701;0
1474;2;477;476;0
1475;2;478;477;0
1476;2;477;483;0
1477;2;477;482;0
1478;2;479;478;0
1479;2;478;484;0
1480;2;478;483;0
1481;2;485;479;0
1482;2;479;484;0
1483;2;480;479;0
1484;2;481;480;0
1485;2;486;480;0
1486;2;480;485;0
1487;2;486;481;0
1488;2;488;482;0
1489;2;487;482;0
1490;2;482;707;0
1491;2;483;482;0
1492;2;484;483;0
1493;2;489;483;0
1494;2;483;488;0
1495;2;485;484;0
1496;2;490;484;0
1497;2;484;489;0
1498;2;486;485;0
1499;2;491;485;0
1500;2;485;490;0
1501;2;492;486;0
1502;2;486;491;0
1503;2;488;487;0
1504;2;487;493;0
1505;2;487;718;0
1506;2;712;487;0
1507;2;487;707;0
1508;2;489;488;0
1509;2;494;488;0
1510;2;488;493;0
1511;2;490;489;0
1512;2;495;489;0
1513;2;489;494;0
1514;2;491;490;0
1515;2;496;490;0
1516;2;490;495;0
1517;2;492;491;0
1518;2;497;491;0
1519;2;491;496;0
1520;2;497;492;0
1521;2;494;493;0
1522;2;493;499;0
1523;2;493;498;0
1524;2;493;718;0
1525;2;495;494;0
1526;2;500;494;0
1527;2;494;499;0
1528;2;495;500;0
1529;2;496;495;0
1530;2;495;501;0
1531;2;497;496;0
1532;2;496;502;0
1533;2;496;501;0
1534;2;502;497;0
1535;2;503;498;0
1536;2;498;729;0
1537;2;723;498;0
1538;2;498;718;0
1539;2;499;498;0
1540;2;500;499;0
1541;2;499;504;0
1542;2;499;503;0
1543;2;501;500;0
1544;2;505;500;0
1545;2;500;504;0
1546;2;502;501;0
1547;2;501;506;0
1548;2;501;505;0
1549;2;507;502;0
1550;2;502;506;0
1551;2;504;503;0
1552;2;509;503;0
1553;2;503;508;0
1554;2;503;729;0
1555;2;504;509;0
1556;2;505;504;0
1557;2;510;504;0
1558;2;506;505;0
1559;2;505;511;0
1560;2;505;510;0
1561;2;507;506;0
1562;2;506;512;0
1563;2;506;511;0
1564;2;512;507;0
1565;2;509;508;0
1566;2;508;518;0
1567;2;508;746;0
1568;2;734;508;0
1569;2;508;729;0
1570;2;510;509;0
1571;2;519;509;0
1572;2;509;518;0
1573;2;511;510;0
1574;2;520;510;0
1575;2;510;519;0
1576;2;512;511;0
1577;2;521;511;0
1578;2;511;520;0
1579;2;522;512;0
1580;2;512;521;0
1581;2;513;522;0
1582;2;514;513;0
1583;2;523;513;0
1584;2;513;531;0
1585;2;515;514;0
1586;2;524;514;0
1587;2;514;523;0
1588;2;516;515;0
1589;2;525;515;0
1590;2;515;524;0
1591;2;517;516;0
1592;2;526;516;0
1593;2;516;525;0
1594;2;559;517;0
1595;2;517;526;0
1596;2;549;517;0
1597;2;528;518;0
1598;2;527;518;0
1599;2;518;746;0
1600;2;519;518;0
1601;2;520;519;0
1602;2;529;519;0
1603;2;519;528;0
1604;2;520;529;0
1605;2;521;520;0
1606;2;520;530;0
1607;2;522;521;0
1608;2;521;531;0
1609;2;521;530;0
1610;2;531;522;0
1611;2;530;523;0
1612;2;523;531;0
1613;2;524;523;0
1614;2;523;548;0
1615;2;524;548;0
1616;2;525;524;0
1617;2;524;532;0
1618;2;526;525;0
1619;2;533;525;0
1620;2;525;532;0
1621;2;559;526;0
1622;2;526;534;0
1623;2;526;533;0
1624;2;527;746;0
1625;2;528;527;0
1626;2;527;535;0
1627;2;760;527;0
1628;2;527;754;0
1629;2;529;528;0
1630;2;536;528;0
1631;2;528;535;0
1632;2;530;529;0
1633;2;529;537;0
1634;2;529;536;0
1635;2;531;530;0
1636;2;548;530;0
1637;2;530;537;0
1638;2;533;532;0
1639;2;538;532;0
1640;2;542;532;0
1641;2;532;548;0
1642;2;534;533;0
1643;2;539;533;0
1644;2;533;538;0
1645;2;559;534;0
1646;2;534;568;0
1647;2;574;534;0
1648;2;534;539;0
1649;2;536;535;0
1650;2;535;541;0
1651;2;535;540;0
1652;2;535;760;0
1653;2;537;536;0
1654;2;542;536;0
1655;2;536;541;0
1656;2;548;537;0
1657;2;537;542;0
1658;2;539;538;0
1659;2;538;543;0
1660;2;538;545;0
1661;2;538;542;0
1662;2;574;539;0
1663;2;579;539;0
1664;2;539;543;0
1665;2;540;760;0
1666;2;541;540;0
1667;2;540;544;0
1668;2;769;540;0
1669;2;540;766;0
1670;2;541;544;0
1671;2;542;541;0
1672;2;545;541;0
1673;2;542;548;0
1674;2;545;542;0
1675;2;546;543;0
1676;2;544;543;0
1677;2;543;545;0
1678;2;579;543;0
1679;2;546;544;0
1680;2;544;769;0
1681;2;545;544;0
1682;2;579;546;0
1683;2;546;547;0
1684;2;775;546;0
1685;2;546;769;0
1686;2;584;547;0
1687;2;547;586;0
1688;2;774;547;0
1689;2;547;775;0
1690;2;579;547;0
1691;2;549;560;0
1692;2;549;559;0
1693;2;550;549;0
1694;2;551;550;0
1695;2;561;550;0
1696;2;550;560;0
1697;2;552;551;0
1698;2;562;551;0
1699;2;551;561;0
1700;2;567;552;0
1701;2;552;562;0
1702;2;553;552;0
1703;2;554;553;0
1704;2;553;567;0
1705;2;620;553;0
1706;2;615;553;0
1707;2;615;554;0
1708;2;616;554;0
1709;2;554;555;0
1710;2;554;563;0
1711;2;554;567;0
1712;2;616;555;0
1713;2;617;555;0
1714;2;555;556;0
1715;2;564;555;0
1716;2;555;563;0
1717;2;557;556;0
1718;2;565;556;0
1719;2;556;564;0
1720;2;617;556;0
1721;2;556;618;0
1722;2;618;557;0
1723;2;619;557;0
1724;2;557;558;0
1725;2;557;566;0
1726;2;557;565;0
1727;2;835;558;0
1728;2;776;558;0
1729;2;558;785;0
1730;2;558;566;0
1731;2;619;558;0
1732;2;559;568;0
1733;2;560;559;0
1734;2;561;560;0
1735;2;569;560;0
1736;2;560;568;0
1737;2;562;561;0
1738;2;561;573;0
1739;2;561;569;0
1740;2;567;562;0
1741;2;563;562;0
1742;2;585;562;0
1743;2;562;573;0
1744;2;564;563;0
1745;2;563;585;0
1746;2;563;567;0
1747;2;564;585;0
1748;2;565;564;0
1749;2;564;570;0
1750;2;566;565;0
1751;2;571;565;0
1752;2;565;570;0
1753;2;785;566;0
1754;2;566;572;0
1755;2;566;571;0
1756;2;569;568;0
1757;2;568;575;0
1758;2;568;574;0
1759;2;573;569;0
1760;2;569;576;0
1761;2;569;575;0
1762;2;570;585;0
1763;2;571;570;0
1764;2;570;577;0
1765;2;570;576;0
1766;2;572;571;0
1767;2;578;571;0
1768;2;571;577;0
1769;2;572;578;0
1770;2;785;572;0
1771;2;794;572;0
1772;2;572;800;0
1773;2;573;576;0
1774;2;585;573;0
1775;2;575;574;0
1776;2;582;574;0
1777;2;574;579;0
1778;2;576;575;0
1779;2;583;575;0
1780;2;575;582;0
1781;2;576;585;0
1782;2;577;576;0
1783;2;576;583;0
1784;2;580;577;0
1785;2;577;583;0
1786;2;578;577;0
1787;2;578;580;0
1788;2;800;578;0
1789;2;578;581;0
1790;2;582;579;0
1791;2;579;584;0
1792;2;582;580;0
1793;2;580;583;0
1794;2;581;580;0
1795;2;580;584;0
1796;2;808;581;0
1797;2;581;586;0
1798;2;581;584;0
1799;2;800;581;0
1800;2;581;806;0
1801;2;583;582;0
1802;2;582;584;0
1803;2;584;586;0
1804;2;808;586;0
1805;2;586;774;0
1806;2;658;587;0
1807;2;587;588;0
1808;2;587;593;0
1809;2;657;587;0
1810;2;589;588;0
1811;2;594;588;0
1812;2;588;593;0
1813;2;658;588;0
1814;2;588;659;0
1815;2;590;589;0
1816;2;595;589;0
1817;2;589;594;0
1818;2;659;589;0
1819;2;589;660;0
1820;2;591;590;0
1821;2;596;590;0
1822;2;590;595;0
1823;2;660;590;0
1824;2;590;661;0
1825;2;592;591;0
1826;2;597;591;0
1827;2;591;596;0
1828;2;661;591;0
1829;2;591;662;0
1830;2;874;592;0
1831;2;810;592;0
1832;2;815;592;0
1833;2;592;597;0
1834;2;662;592;0
1835;2;594;593;0
1836;2;599;593;0
1837;2;593;598;0
1838;2;595;594;0
1839;2;600;594;0
1840;2;594;599;0
1841;2;596;595;0
1842;2;601;595;0
1843;2;595;600;0
1844;2;596;601;0
1845;2;597;596;0
1846;2;596;602;0
1847;2;815;597;0
1848;2;597;603;0
1849;2;597;602;0
1850;2;599;598;0
1851;2;598;604;0
1852;2;600;599;0
1853;2;605;599;0
1854;2;599;604;0
1855;2;601;600;0
1856;2;606;600;0
1857;2;600;605;0
1858;2;602;601;0
1859;2;607;601;0
1860;2;601;606;0
1861;2;603;602;0
1862;2;602;608;0
1863;2;602;607;0
1864;2;825;603;0
1865;2;603;608;0
1866;2;815;603;0
1867;2;603;820;0
1868;2;605;604;0
1869;2;610;604;0
1870;2;604;609;0
1871;2;605;610;0
1872;2;606;605;0
1873;2;605;611;0
1874;2;607;606;0
1875;2;612;606;0
1876;2;606;611;0
1877;2;608;607;0
1878;2;613;607;0
1879;2;607;612;0
1880;2;825;608;0
1881;2;614;608;0
1882;2;608;613;0
1883;2;609;615;0
1884;2;609;620;0
1885;2;610;609;0
1886;2;611;610;0
1887;2;616;610;0
1888;2;610;615;0
1889;2;611;616;0
1890;2;612;611;0
1891;2;611;617;0
1892;2;613;612;0
1893;2;618;612;0
1894;2;612;617;0
1895;2;614;613;0
1896;2;619;613;0
1897;2;613;618;0
1898;2;825;614;0
1899;2;614;830;0
1900;2;835;614;0
1901;2;614;619;0
1902;2;615;616;0
1903;2;620;615;0
1904;2;616;617;0
1905;2;617;618;0
1906;2;618;619;0
1907;2;619;835;0
1908;2;4294967295;621;0
1909;2;621;622;0
1910;2;621;627;0
1911;2;4294967295;622;0
1912;2;623;622;0
1913;2;628;622;0
1914;2;622;627;0
1915;2;4294967295;623;0
1916;2;624;623;0
1917;2;629;623;0
1918;2;623;628;0
1919;2;4294967295;624;0
1920;2;625;624;0
1921;2;630;624;0
1922;2;624;629;0
1923;2;4294967295;625;0
1924;2;626;625;0
1925;2;631;625;0
1926;2;625;630;0
1927;2;4294967295;626;0
1928;2;841;626;0
1929;2;626;632;0
1930;2;626;631;0
1931;2;628;627;0
1932;2;634;627;0
1933;2;627;633;0
1934;2;628;634;0
1935;2;629;628;0
1936;2;628;635;0
1937;2;630;629;0
1938;2;636;629;0
1939;2;629;635;0
1940;2;631;630;0
1941;2;630;637;0
1942;2;630;636;0
1943;2;632;631;0
1944;2;638;631;0
1945;2;631;637;0
1946;2;841;632;0
1947;2;632;847;0
1948;2;852;632;0
1949;2;632;638;0
1950;2;634;633;0
1951;2;633;639;0
1952;2;635;634;0
1953;2;640;634;0
1954;2;634;639;0
1955;2;636;635;0
1956;2;641;635;0
1957;2;635;640;0
1958;2;637;636;0
1959;2;642;636;0
1960;2;636;641;0
1961;2;643;637;0
1962;2;637;642;0
1963;2;638;637;0
1964;2;852;638;0
1965;2;638;644;0
1966;2;638;643;0
1967;2;640;639;0
1968;2;646;639;0
1969;2;639;645;0
1970;2;641;640;0
1971;2;647;640;0
1972;2;640;646;0
1973;2;642;641;0
1974;2;648;641;0
1975;2;641;647;0
1976;2;643;642;0
1977;2;649;642;0
1978;2;642;648;0
1979;2;644;643;0
1980;2;650;643;0
1981;2;643;649;0
1982;2;852;644;0
1983;2;858;644;0
1984;2;644;863;0
1985;2;644;650;0
1986;2;646;645;0
1987;2;645;651;0
1988;2;647;646;0
1989;2;652;646;0
1990;2;646;651;0
1991;2;648;647;0
1992;2;653;647;0
1993;2;647;652;0
1994;2;649;648;0
1995;2;654;648;0
1996;2;648;653;0
1997;2;650;649;0
1998;2;655;649;0
1999;2;649;654;0
2000;2;863;650;0
2001;2;650;656;0
2002;2;650;655;0
2003;2;652;651;0
2004;2;658;651;0
2005;2;651;657;0
2006;2;653;652;0
2007;2;659;652;0
2008;2;652;658;0
2009;2;654;653;0
2010;2;660;653;0
2011;2;653;659;0
2012;2;655;654;0
2013;2;661;654;0
2014;2;654;660;0
2015;2;656;655;0
2016;2;662;655;0
2017;2;655;661;0
2018;2;863;656;0
2019;2;869;656;0
2020;2;874;656;0
2021;2;656;662;0
2022;2;657;658;0
2023;2;658;659;0
2024;2;659;660;0
2025;2;660;661;0
2026;2;661;662;0
2027;2;662;874;0
2028;2;669;663;0
2029;2;889;663;0
2030;2;663;884;0
2031;2;663;4294967295;0
2032;2;664;663;0
2033;2;4294967295;664;0
2034;2;665;664;0
2035;2;670;664;0
2036;2;664;669;0
2037;2;4294967295;665;0
2038;2;666;665;0
2039;2;671;665;0
2040;2;665;670;0
2041;2;4294967295;666;0
2042;2;667;666;0
2043;2;672;666;0
2044;2;666;671;0
2045;2;4294967295;667;0
2046;2;668;667;0
2047;2;673;667;0
2048;2;667;672;0
2049;2;668;4294967295;0
2050;2;673;668;0
2051;2;669;889;0
2052;2;670;669;0
2053;2;675;669;0
2054;2;669;674;0
2055;2;671;670;0
2056;2;676;670;0
2057;2;670;675;0
2058;2;672;671;0
2059;2;677;671;0
2060;2;671;676;0
2061;2;673;672;0
2062;2;678;672;0
2063;2;672;677;0
2064;2;673;678;0
2065;2;679;673;0
2066;2;894;674;0
2067;2;674;889;0
2068;2;675;674;0
2069;2;680;674;0
2070;2;674;900;0
2071;2;676;675;0
2072;2;681;675;0
2073;2;675;680;0
2074;2;677;676;0
2075;2;682;676;0
2076;2;676;681;0
2077;2;678;677;0
2078;2;683;677;0
2079;2;677;682;0
2080;2;679;678;0
2081;2;684;678;0
2082;2;678;683;0
2083;2;684;679;0
2084;2;681;680;0
2085;2;686;680;0
2086;2;680;685;0
2087;2;680;900;0
2088;2;682;681;0
2089;2;687;681;0
2090;2;681;686;0
2091;2;683;682;0
2092;2;688;682;0
2093;2;682;687;0
2094;2;684;683;0
2095;2;689;683;0
2096;2;683;688;0
2097;2;684;689;0
2098;2;690;684;0
2099;2;685;900;0
2100;2;686;685;0
2101;2;691;685;0
2102;2;685;910;0
2103;2;685;905;0
2104;2;687;686;0
2105;2;686;692;0
2106;2;686;691;0
2107;2;688;687;0
2108;2;687;693;0
2109;2;687;692;0
2110;2;689;688;0
2111;2;694;688;0
2112;2;688;693;0
2113;2;690;689;0
2114;2;695;689;0
2115;2;689;694;0
2116;2;695;690;0
2117;2;691;910;0
2118;2;692;691;0
2119;2;697;691;0
2120;2;691;696;0
2121;2;693;692;0
2122;2;698;692;0
2123;2;692;697;0
2124;2;694;693;0
2125;2;699;693;0
2126;2;693;698;0
2127;2;695;694;0
2128;2;700;694;0
2129;2;694;699;0
2130;2;701;695;0
2131;2;695;700;0
2132;2;702;696;0
2133;2;923;696;0
2134;2;696;914;0
2135;2;696;910;0
2136;2;697;696;0
2137;2;697;702;0
2138;2;698;697;0
2139;2;697;703;0
2140;2;704;698;0
2141;2;698;703;0
2142;2;699;698;0
2143;2;700;699;0
2144;2;699;705;0
2145;2;699;704;0
2146;2;701;700;0
2147;2;706;700;0
2148;2;700;705;0
2149;2;707;701;0
2150;2;701;706;0
2151;2;708;702;0
2152;2;931;702;0
2153;2;702;923;0
2154;2;703;702;0
2155;2;704;703;0
2156;2;709;703;0
2157;2;703;708;0
2158;2;705;704;0
2159;2;710;704;0
2160;2;704;709;0
2161;2;706;705;0
2162;2;711;705;0
2163;2;705;710;0
2164;2;707;706;0
2165;2;712;706;0
2166;2;706;711;0
2167;2;712;707;0
2168;2;708;931;0
2169;2;709;708;0
2170;2;714;708;0
2171;2;708;713;0
2172;2;710;709;0
2173;2;715;709;0
2174;2;709;714;0
2175;2;711;710;0
2176;2;716;710;0
2177;2;710;715;0
2178;2;712;711;0
2179;2;717;711;0
2180;2;711;716;0
2181;2;712;717;0
2182;2;718;712;0
2183;2;719;713;0
2184;2;942;713;0
2185;2;713;936;0
2186;2;713;931;0
2187;2;714;713;0
2188;2;715;714;0
2189;2;720;714;0
2190;2;714;719;0
2191;2;716;715;0
2192;2;721;715;0
2193;2;715;720;0
2194;2;717;716;0
2195;2;722;716;0
2196;2;716;721;0
2197;2;718;717;0
2198;2;723;717;0
2199;2;717;722;0
2200;2;723;718;0
2201;2;720;719;0
2202;2;725;719;0
2203;2;719;724;0
2204;2;719;942;0
2205;2;720;725;0
2206;2;721;720;0
2207;2;720;726;0
2208;2;722;721;0
2209;2;727;721;0
2210;2;721;726;0
2211;2;723;722;0
2212;2;722;728;0
2213;2;722;727;0
2214;2;729;723;0
2215;2;723;728;0
2216;2;725;724;0
2217;2;724;730;0
2218;2;735;724;0
2219;2;724;945;0
2220;2;724;942;0
2221;2;726;725;0
2222;2;731;725;0
2223;2;725;730;0
2224;2;726;731;0
2225;2;727;726;0
2226;2;726;732;0
2227;2;728;727;0
2228;2;733;727;0
2229;2;727;732;0
2230;2;729;728;0
2231;2;728;734;0
2232;2;728;733;0
2233;2;734;729;0
2234;2;731;730;0
2235;2;742;730;0
2236;2;730;741;0
2237;2;730;735;0
2238;2;732;731;0
2239;2;743;731;0
2240;2;731;742;0
2241;2;733;732;0
2242;2;744;732;0
2243;2;732;743;0
2244;2;734;733;0
2245;2;745;733;0
2246;2;733;744;0
2247;2;734;745;0
2248;2;746;734;0
2249;2;741;735;0
2250;2;947;735;0
2251;2;735;945;0
2252;2;1013;736;0
2253;2;978;736;0
2254;2;736;737;0
2255;2;747;736;0
2256;2;792;736;0
2257;2;736;784;0
2258;2;978;737;0
2259;2;979;737;0
2260;2;738;737;0
2261;2;748;737;0
2262;2;737;747;0
2263;2;979;738;0
2264;2;738;980;0
2265;2;739;738;0
2266;2;749;738;0
2267;2;738;748;0
2268;2;980;739;0
2269;2;739;981;0
2270;2;740;739;0
2271;2;750;739;0
2272;2;739;749;0
2273;2;982;740;0
2274;2;740;741;0
2275;2;740;755;0
2276;2;740;750;0
2277;2;981;740;0
2278;2;742;741;0
2279;2;741;755;0
2280;2;982;741;0
2281;2;741;947;0
2282;2;743;742;0
2283;2;751;742;0
2284;2;742;755;0
2285;2;744;743;0
2286;2;752;743;0
2287;2;743;751;0
2288;2;745;744;0
2289;2;753;744;0
2290;2;744;752;0
2291;2;746;745;0
2292;2;754;745;0
2293;2;745;753;0
2294;2;754;746;0
2295;2;748;747;0
2296;2;756;747;0
2297;2;798;747;0
2298;2;747;792;0
2299;2;749;748;0
2300;2;757;748;0
2301;2;748;756;0
2302;2;750;749;0
2303;2;749;761;0
2304;2;749;757;0
2305;2;755;750;0
2306;2;751;750;0
2307;2;750;773;0
2308;2;750;761;0
2309;2;752;751;0
2310;2;751;773;0
2311;2;751;755;0
2312;2;758;752;0
2313;2;752;773;0
2314;2;753;752;0
2315;2;754;753;0
2316;2;759;753;0
2317;2;753;758;0
2318;2;760;754;0
2319;2;754;759;0
2320;2;757;756;0
2321;2;763;756;0
2322;2;762;756;0
2323;2;756;798;0
2324;2;757;763;0
2325;2;761;757;0
2326;2;757;764;0
2327;2;764;758;0
2328;2;758;773;0
2329;2;759;758;0
2330;2;758;765;0
2331;2;760;759;0
2332;2;766;759;0
2333;2;759;765;0
2334;2;766;760;0
2335;2;761;764;0
2336;2;773;761;0
2337;2;804;762;0
2338;2;762;798;0
2339;2;763;762;0
2340;2;770;762;0
2341;2;762;767;0
2342;2;763;770;0
2343;2;764;763;0
2344;2;763;771;0
2345;2;765;764;0
2346;2;764;771;0
2347;2;764;773;0
2348;2;766;765;0
2349;2;765;768;0
2350;2;765;771;0
2351;2;769;766;0
2352;2;766;768;0
2353;2;774;767;0
2354;2;767;808;0
2355;2;767;805;0
2356;2;767;804;0
2357;2;770;767;0
2358;2;767;772;0
2359;2;769;768;0
2360;2;772;768;0
2361;2;770;768;0
2362;2;768;771;0
2363;2;769;772;0
2364;2;775;769;0
2365;2;770;772;0
2366;2;771;770;0
2367;2;772;774;0
2368;2;775;772;0
2369;2;774;775;0
2370;2;808;774;0
2371;2;776;785;0
2372;2;835;776;0
2373;2;776;836;0
2374;2;776;777;0
2375;2;786;776;0
2376;2;836;777;0
2377;2;777;837;0
2378;2;778;777;0
2379;2;787;777;0
2380;2;777;786;0
2381;2;788;778;0
2382;2;778;787;0
2383;2;837;778;0
2384;2;838;778;0
2385;2;778;779;0
2386;2;793;779;0
2387;2;779;788;0
2388;2;838;779;0
2389;2;779;839;0
2390;2;779;780;0
2391;2;840;780;0
2392;2;780;1045;0
2393;2;780;1009;0
2394;2;781;780;0
2395;2;780;793;0
2396;2;839;780;0
2397;2;1009;781;0
2398;2;1010;781;0
2399;2;781;782;0
2400;2;789;781;0
2401;2;781;793;0
2402;2;783;782;0
2403;2;790;782;0
2404;2;782;789;0
2405;2;1010;782;0
2406;2;782;1011;0
2407;2;1011;783;0
2408;2;1012;783;0
2409;2;783;784;0
2410;2;791;783;0
2411;2;783;790;0
2412;2;784;791;0
2413;2;1012;784;0
2414;2;784;1013;0
2415;2;792;784;0
2416;2;785;794;0
2417;2;786;785;0
2418;2;787;786;0
2419;2;795;786;0
2420;2;786;794;0
2421;2;799;787;0
2422;2;787;795;0
2423;2;788;787;0
2424;2;793;788;0
2425;2;789;788;0
2426;2;809;788;0
2427;2;788;799;0
2428;2;789;793;0
2429;2;790;789;0
2430;2;789;809;0
2431;2;796;790;0
2432;2;790;809;0
2433;2;791;790;0
2434;2;792;791;0
2435;2;797;791;0
2436;2;791;796;0
2437;2;798;792;0
2438;2;792;797;0
2439;2;795;794;0
2440;2;794;801;0
2441;2;794;800;0
2442;2;799;795;0
2443;2;802;795;0
2444;2;795;801;0
2445;2;803;796;0
2446;2;802;796;0
2447;2;796;809;0
2448;2;797;796;0
2449;2;798;797;0
2450;2;797;804;0
2451;2;797;803;0
2452;2;804;798;0
2453;2;809;799;0
2454;2;799;802;0
2455;2;801;800;0
2456;2;800;806;0
2457;2;802;801;0
2458;2;807;801;0
2459;2;801;806;0
2460;2;803;802;0
2461;2;802;807;0
2462;2;802;809;0
2463;2;804;803;0
2464;2;805;803;0
2465;2;803;807;0
2466;2;805;804;0
2467;2;808;805;0
2468;2;806;805;0
2469;2;805;807;0
2470;2;807;806;0
2471;2;806;808;0
2472;2;811;810;0
2473;2;816;810;0
2474;2;810;815;0
2475;2;874;810;0
2476;2;810;875;0
2477;2;812;811;0
2478;2;817;811;0
2479;2;811;816;0
2480;2;875;811;0
2481;2;811;876;0
2482;2;813;812;0
2483;2;818;812;0
2484;2;812;817;0
2485;2;876;812;0
2486;2;812;877;0
2487;2;814;813;0
2488;2;819;813;0
2489;2;813;818;0
2490;2;877;813;0
2491;2;813;878;0
2492;2;814;1014;0
2493;2;1023;814;0
2494;2;814;819;0
2495;2;878;814;0
2496;2;814;879;0
2497;2;816;815;0
2498;2;815;820;0
2499;2;821;816;0
2500;2;816;820;0
2501;2;817;816;0
2502;2;818;817;0
2503;2;822;817;0
2504;2;817;821;0
2505;2;819;818;0
2506;2;823;818;0
2507;2;818;822;0
2508;2;1023;819;0
2509;2;824;819;0
2510;2;819;823;0
2511;2;821;820;0
2512;2;826;820;0
2513;2;820;825;0
2514;2;822;821;0
2515;2;827;821;0
2516;2;821;826;0
2517;2;823;822;0
2518;2;822;828;0
2519;2;822;827;0
2520;2;823;828;0
2521;2;824;823;0
2522;2;823;829;0
2523;2;824;829;0
2524;2;1023;824;0
2525;2;1031;824;0
2526;2;824;1037;0
2527;2;826;825;0
2528;2;825;830;0
2529;2;827;826;0
2530;2;831;826;0
2531;2;826;830;0
2532;2;828;827;0
2533;2;832;827;0
2534;2;827;831;0
2535;2;829;828;0
2536;2;833;828;0
2537;2;828;832;0
2538;2;829;833;0
2539;2;1037;829;0
2540;2;829;834;0
2541;2;831;830;0
2542;2;836;830;0
2543;2;830;835;0
2544;2;832;831;0
2545;2;837;831;0
2546;2;831;836;0
2547;2;833;832;0
2548;2;832;838;0
2549;2;832;837;0
2550;2;834;833;0
2551;2;833;839;0
2552;2;833;838;0
2553;2;1037;834;0
2554;2;1042;834;0
2555;2;834;840;0
2556;2;834;839;0
2557;2;835;836;0
2558;2;836;837;0
2559;2;837;838;0
2560;2;838;839;0
2561;2;839;840;0
2562;2;1042;840;0
2563;2;840;1045;0
2564;2;4294967295;841;0
2565;2;841;842;0
2566;2;841;847;0
2567;2;4294967295;842;0
2568;2;843;842;0
2569;2;848;842;0
2570;2;842;847;0
2571;2;4294967295;843;0
2572;2;844;843;0
2573;2;849;843;0
2574;2;843;848;0
2575;2;4294967295;844;0
2576;2;845;844;0
2577;2;850;844;0
2578;2;844;849;0
2579;2;4294967295;845;0
2580;2;846;845;0
2581;2;851;845;0
2582;2;845;850;0
2583;2;4294967295;846;0
2584;2;1047;846;0
2585;2;1052;846;0
2586;2;846;851;0
2587;2;848;847;0
2588;2;853;847;0
2589;2;847;852;0
2590;2;849;848;0
2591;2;854;848;0
2592;2;848;853;0
2593;2;850;849;0
2594;2;855;849;0
2595;2;849;854;0
2596;2;851;850;0
2597;2;850;856;0
2598;2;850;855;0
2599;2;1052;851;0
2600;2;851;857;0
2601;2;851;856;0
2602;2;853;852;0
2603;2;852;858;0
2604;2;854;853;0
2605;2;859;853;0
2606;2;853;858;0
2607;2;855;854;0
2608;2;860;854;0
2609;2;854;859;0
2610;2;856;855;0
2611;2;855;861;0
2612;2;855;860;0
2613;2;856;861;0
2614;2;857;856;0
2615;2;856;862;0
2616;2;857;862;0
2617;2;1052;857;0
2618;2;857;1057;0
2619;2;857;1062;0
2620;2;859;858;0
2621;2;864;858;0
2622;2;858;863;0
2623;2;860;859;0
2624;2;865;859;0
2625;2;859;864;0
2626;2;861;860;0
2627;2;866;860;0
2628;2;860;865;0
2629;2;862;861;0
2630;2;867;861;0
2631;2;861;866;0
2632;2;1062;862;0
2633;2;862;868;0
2634;2;862;867;0
2635;2;864;863;0
2636;2;863;869;0
2637;2;865;864;0
2638;2;870;864;0
2639;2;864;869;0
2640;2;866;865;0
2641;2;871;865;0
2642;2;865;870;0
2643;2;867;866;0
2644;2;866;872;0
2645;2;866;871;0
2646;2;867;872;0
2647;2;868;867;0
2648;2;867;873;0
2649;2;868;873;0
2650;2;1062;868;0
2651;2;1067;868;0
2652;2;868;1072;0
2653;2;870;869;0
2654;2;875;869;0
2655;2;869;874;0
2656;2;871;870;0
2657;2;876;870;0
2658;2;870;875;0
2659;2;871;876;0
2660;2;872;871;0
2661;2;871;877;0
2662;2;873;872;0
2663;2;878;872;0
2664;2;872;877;0
2665;2;1072;873;0
2666;2;873;879;0
2667;2;873;878;0
2668;2;874;875;0
2669;2;875;876;0
2670;2;876;877;0
2671;2;877;878;0
2672;2;878;879;0
2673;2;1072;879;0
2674;2;1077;879;0
2675;2;879;1014;0
2676;2;885;880;0
2677;2;880;1102;0
2678;2;1087;880;0
2679;2;880;4294967295;0
2680;2;881;880;0
2681;2;4294967295;881;0
2682;2;882;881;0
2683;2;886;881;0
2684;2;881;885;0
2685;2;4294967295;882;0
2686;2;883;882;0
2687;2;887;882;0
2688;2;882;886;0
2689;2;4294967295;883;0
2690;2;884;883;0
2691;2;888;883;0
2692;2;883;887;0
2693;2;884;888;0
2694;2;884;4294967295;0
2695;2;889;884;0
2696;2;885;1102;0
2697;2;886;885;0
2698;2;891;885;0
2699;2;885;890;0
2700;2;887;886;0
2701;2;892;886;0
2702;2;886;891;0
2703;2;888;887;0
2704;2;893;887;0
2705;2;887;892;0
2706;2;889;888;0
2707;2;894;888;0
2708;2;888;893;0
2709;2;894;889;0
2710;2;890;1102;0
2711;2;891;890;0
2712;2;896;890;0
2713;2;890;895;0
2714;2;890;1109;0
2715;2;892;891;0
2716;2;897;891;0
2717;2;891;896;0
2718;2;898;892;0
2719;2;892;897;0
2720;2;893;892;0
2721;2;894;893;0
2722;2;899;893;0
2723;2;893;898;0
2724;2;900;894;0
2725;2;894;899;0
2726;2;896;895;0
2727;2;901;895;0
2728;2;895;1118;0
2729;2;895;1115;0
2730;2;895;1109;0
2731;2;897;896;0
2732;2;902;896;0
2733;2;896;901;0
2734;2;898;897;0
2735;2;903;897;0
2736;2;897;902;0
2737;2;899;898;0
2738;2;904;898;0
2739;2;898;903;0
2740;2;900;899;0
2741;2;905;899;0
2742;2;899;904;0
2743;2;905;900;0
2744;2;902;901;0
2745;2;906;901;0
2746;2;1122;901;0
2747;2;901;1118;0
2748;2;903;902;0
2749;2;907;902;0
2750;2;902;906;0
2751;2;904;903;0
2752;2;908;903;0
2753;2;903;907;0
2754;2;905;904;0
2755;2;909;904;0
2756;2;904;908;0
2757;2;905;909;0
2758;2;910;905;0
2759;2;907;906;0
2760;2;906;911;0
2761;2;915;906;0
2762;2;906;1122;0
2763;2;908;907;0
2764;2;912;907;0
2765;2;907;911;0
2766;2;909;908;0
2767;2;913;908;0
2768;2;908;912;0
2769;2;910;909;0
2770;2;909;914;0
2771;2;909;913;0
2772;2;914;910;0
2773;2;912;911;0
2774;2;920;911;0
2775;2;911;924;0
2776;2;911;915;0
2777;2;913;912;0
2778;2;912;921;0
2779;2;912;920;0
2780;2;914;913;0
2781;2;922;913;0
2782;2;913;921;0
2783;2;923;914;0
2784;2;914;922;0
2785;2;924;915;0
2786;2;915;1159;0
2787;2;915;1123;0
2788;2;915;1122;0
2789;2;916;917;0
2790;2;925;916;0
2791;2;960;916;0
2792;2;916;954;0
2793;2;1201;916;0
2794;2;916;1155;0
2795;2;1155;917;0
2796;2;917;1156;0
2797;2;918;917;0
2798;2;926;917;0
2799;2;917;925;0
2800;2;919;918;0
2801;2;927;918;0
2802;2;918;926;0
2803;2;1156;918;0
2804;2;918;1157;0
2805;2;932;919;0
2806;2;919;927;0
2807;2;1157;919;0
2808;2;1158;919;0
2809;2;919;924;0
2810;2;921;920;0
2811;2;928;920;0
2812;2;920;932;0
2813;2;920;924;0
2814;2;922;921;0
2815;2;929;921;0
2816;2;921;928;0
2817;2;923;922;0
2818;2;930;922;0
2819;2;922;929;0
2820;2;923;930;0
2821;2;931;923;0
2822;2;924;932;0
2823;2;1158;924;0
2824;2;924;1159;0
2825;2;926;925;0
2826;2;934;925;0
2827;2;933;925;0
2828;2;925;960;0
2829;2;927;926;0
2830;2;948;926;0
2831;2;926;934;0
2832;2;938;927;0
2833;2;927;948;0
2834;2;932;927;0
2835;2;937;928;0
2836;2;938;928;0
2837;2;928;932;0
2838;2;929;928;0
2839;2;930;929;0
2840;2;929;935;0
2841;2;929;937;0
2842;2;931;930;0
2843;2;936;930;0
2844;2;930;935;0
2845;2;936;931;0
2846;2;932;938;0
2847;2;966;933;0
2848;2;933;960;0
2849;2;934;933;0
2850;2;940;933;0
2851;2;933;939;0
2852;2;948;934;0
2853;2;934;943;0
2854;2;934;940;0
2855;2;936;935;0
2856;2;941;935;0
2857;2;943;935;0
2858;2;935;937;0
2859;2;942;936;0
2860;2;936;941;0
2861;2;943;937;0
2862;2;937;938;0
2863;2;938;948;0
2864;2;943;938;0
2865;2;944;939;0
2866;2;939;977;0
2867;2;971;939;0
2868;2;939;966;0
2869;2;940;939;0
2870;2;943;940;0
2871;2;946;940;0
2872;2;940;944;0
2873;2;945;941;0
2874;2;941;946;0
2875;2;941;943;0
2876;2;942;941;0
2877;2;945;942;0
2878;2;943;946;0
2879;2;948;943;0
2880;2;945;944;0
2881;2;944;947;0
2882;2;944;977;0
2883;2;946;944;0
2884;2;947;945;0
2885;2;945;946;0
2886;2;947;977;0
2887;2;982;947;0
2888;2;1240;949;0
2889;2;1196;949;0
2890;2;949;950;0
2891;2;955;949;0
2892;2;993;949;0
2893;2;949;987;0
2894;2;1196;950;0
2895;2;950;1197;0
2896;2;951;950;0
2897;2;956;950;0
2898;2;950;955;0
2899;2;1197;951;0
2900;2;951;1198;0
2901;2;952;951;0
2902;2;957;951;0
2903;2;951;956;0
2904;2;1198;952;0
2905;2;952;1199;0
2906;2;953;952;0
2907;2;958;952;0
2908;2;952;957;0
2909;2;1199;953;0
2910;2;953;1200;0
2911;2;954;953;0
2912;2;959;953;0
2913;2;953;958;0
2914;2;1200;954;0
2915;2;954;1201;0
2916;2;960;954;0
2917;2;954;959;0
2918;2;955;993;0
2919;2;956;955;0
2920;2;962;955;0
2921;2;955;961;0
2922;2;957;956;0
2923;2;956;963;0
2924;2;956;962;0
2925;2;958;957;0
2926;2;964;957;0
2927;2;957;963;0
2928;2;959;958;0
2929;2;958;965;0
2930;2;958;964;0
2931;2;960;959;0
2932;2;966;959;0
2933;2;959;965;0
2934;2;966;960;0
2935;2;961;993;0
2936;2;962;961;0
2937;2;967;961;0
2938;2;961;1003;0
2939;2;961;998;0
2940;2;963;962;0
2941;2;968;962;0
2942;2;962;967;0
2943;2;969;963;0
2944;2;963;968;0
2945;2;964;963;0
2946;2;965;964;0
2947;2;970;964;0
2948;2;964;969;0
2949;2;966;965;0
2950;2;971;965;0
2951;2;965;970;0
2952;2;971;966;0
2953;2;968;967;0
2954;2;973;967;0
2955;2;967;972;0
2956;2;967;1003;0
2957;2;969;968;0
2958;2;974;968;0
2959;2;968;973;0
2960;2;970;969;0
2961;2;975;969;0
2962;2;969;974;0
2963;2;971;970;0
2964;2;970;976;0
2965;2;970;975;0
2966;2;977;971;0
2967;2;971;976;0
2968;2;972;1003;0
2969;2;973;972;0
2970;2;972;978;0
2971;2;1013;972;0
2972;2;972;1008;0
2973;2;974;973;0
2974;2;979;973;0
2975;2;973;978;0
2976;2;975;974;0
2977;2;980;974;0
2978;2;974;979;0
2979;2;976;975;0
2980;2;981;975;0
2981;2;975;980;0
2982;2;977;976;0
2983;2;982;976;0
2984;2;976;981;0
2985;2;982;977;0
2986;2;1013;978;0
2987;2;978;979;0
2988;2;979;980;0
2989;2;980;981;0
2990;2;981;982;0
2991;2;1021;983;0
2992;2;983;1235;0
2993;2;983;1236;0
2994;2;984;983;0
2995;2;989;983;0
2996;2;983;988;0
2997;2;1236;984;0
2998;2;984;1237;0
2999;2;985;984;0
3000;2;990;984;0
3001;2;984;989;0
3002;2;1237;985;0
3003;2;985;1238;0
3004;2;986;985;0
3005;2;991;985;0
3006;2;985;990;0
3007;2;1238;986;0
3008;2;986;1239;0
3009;2;987;986;0
3010;2;992;986;0
3011;2;986;991;0
3012;2;1239;987;0
3013;2;987;1240;0
3014;2;993;987;0
3015;2;987;992;0
3016;2;994;988;0
3017;2;1034;988;0
3018;2;988;1029;0
3019;2;988;1021;0
3020;2;989;988;0
3021;2;990;989;0
3022;2;995;989;0
3023;2;989;994;0
3024;2;991;990;0
3025;2;996;990;0
3026;2;990;995;0
3027;2;992;991;0
3028;2;997;991;0
3029;2;991;996;0
3030;2;993;992;0
3031;2;998;992;0
3032;2;992;997;0
3033;2;998;993;0
3034;2;1040;994;0
3035;2;994;1034;0
3036;2;995;994;0
3037;2;994;999;0
3038;2;996;995;0
3039;2;1000;995;0
3040;2;995;999;0
3041;2;997;996;0
3042;2;996;1001;0
3043;2;996;1000;0
3044;2;998;997;0
3045;2;1002;997;0
3046;2;997;1001;0
3047;2;1003;998;0
3048;2;998;1002;0
3049;2;1000;999;0
3050;2;1005;999;0
3051;2;999;1004;0
3052;2;999;1040;0
3053;2;1001;1000;0
3054;2;1006;1000;0
3055;2;1000;1005;0
3056;2;1002;1001;0
3057;2;1001;1007;0
3058;2;1001;1006;0
3059;2;1003;1002;0
3060;2;1008;1002;0
3061;2;1002;1007;0
3062;2;1008;1003;0
3063;2;1009;1004;0
3064;2;1004;1045;0
3065;2;1043;1004;0
3066;2;1004;1040;0
3067;2;1005;1004;0
3068;2;1006;1005;0
3069;2;1010;1005;0
3070;2;1005;1009;0
3071;2;1007;1006;0
3072;2;1011;1006;0
3073;2;1006;1010;0
3074;2;1008;1007;0
3075;2;1012;1007;0
3076;2;1007;1011;0
3077;2;1013;1008;0
3078;2;1008;1012;0
3079;2;1045;1009;0
3080;2;1009;1010;0
3081;2;1010;1011;0
3082;2;1011;1012;0
3083;2;1012;1013;0
3084;2;1077;1014;0
3085;2;1015;1014;0
3086;2;1014;1024;0
3087;2;1014;1023;0
3088;2;1016;1015;0
3089;2;1025;1015;0
3090;2;1015;1024;0
3091;2;1077;1015;0
3092;2;1015;1078;0
3093;2;1078;1016;0
3094;2;1079;1016;0
3095;2;1016;1017;0
3096;2;1026;1016;0
3097;2;1016;1025;0
3098;2;1017;1026;0
3099;2;1079;1017;0
3100;2;1080;1017;0
3101;2;1017;1022;0
3102;2;1017;1030;0
3103;2;1022;1018;0
3104;2;1018;1272;0
3105;2;1273;1018;0
3106;2;1018;1019;0
3107;2;1027;1018;0
3108;2;1018;1030;0
3109;2;1019;1027;0
3110;2;1273;1019;0
3111;2;1274;1019;0
3112;2;1019;1020;0
3113;2;1019;1028;0
3114;2;1275;1020;0
3115;2;1020;1021;0
3116;2;1029;1020;0
3117;2;1020;1028;0
3118;2;1274;1020;0
3119;2;1275;1021;0
3120;2;1021;1235;0
3121;2;1029;1021;0
3122;2;1080;1022;0
3123;2;1081;1022;0
3124;2;1276;1022;0
3125;2;1022;1272;0
3126;2;1022;1030;0
3127;2;1024;1023;0
3128;2;1023;1031;0
3129;2;1025;1024;0
3130;2;1032;1024;0
3131;2;1024;1031;0
3132;2;1025;1032;0
3133;2;1026;1025;0
3134;2;1025;1035;0
3135;2;1036;1026;0
3136;2;1026;1035;0
3137;2;1030;1026;0
3138;2;1027;1030;0
3139;2;1028;1027;0
3140;2;1046;1027;0
3141;2;1027;1036;0
3142;2;1033;1028;0
3143;2;1028;1046;0
3144;2;1029;1028;0
3145;2;1029;1033;0
3146;2;1034;1029;0
3147;2;1030;1036;0
3148;2;1032;1031;0
3149;2;1031;1038;0
3150;2;1031;1037;0
3151;2;1035;1032;0
3152;2;1041;1032;0
3153;2;1032;1038;0
3154;2;1041;1033;0
3155;2;1033;1046;0
3156;2;1034;1033;0
3157;2;1033;1039;0
3158;2;1040;1034;0
3159;2;1034;1039;0
3160;2;1036;1035;0
3161;2;1035;1041;0
3162;2;1046;1036;0
3163;2;1036;1041;0
3164;2;1038;1037;0
3165;2;1037;1042;0
3166;2;1041;1038;0
3167;2;1044;1038;0
3168;2;1038;1042;0
3169;2;1040;1039;0
3170;2;1039;1043;0
3171;2;1044;1039;0
3172;2;1039;1041;0
3173;2;1043;1040;0
3174;2;1041;1044;0
3175;2;1041;1046;0
3176;2;1044;1042;0
3177;2;1042;1043;0
3178;2;1042;1045;0
3179;2;1045;1043;0
3180;2;1043;1044;0
3181;2;4294967295;1047;0
3182;2;1048;1047;0
3183;2;1053;1047;0
3184;2;1047;1052;0
3185;2;4294967295;1048;0
3186;2;1049;1048;0
3187;2;1054;1048;0
3188;2;1048;1053;0
3189;2;4294967295;1049;0
3190;2;1050;1049;0
3191;2;1055;1049;0
3192;2;1049;1054;0
3193;2;4294967295;1050;0
3194;2;1051;1050;0
3195;2;1056;1050;0
3196;2;1050;1055;0
3197;2;4294967295;1051;0
3198;2;1278;1051;0
3199;2;1288;1051;0
3200;2;1051;1056;0
3201;2;1053;1052;0
3202;2;1052;1057;0
3203;2;1058;1053;0
3204;2;1053;1057;0
3205;2;1054;1053;0
3206;2;1055;1054;0
3207;2;1059;1054;0
3208;2;1054;1058;0
3209;2;1056;1055;0
3210;2;1060;1055;0
3211;2;1055;1059;0
3212;2;1288;1056;0
3213;2;1061;1056;0
3214;2;1056;1060;0
3215;2;1058;1057;0
3216;2;1063;1057;0
3217;2;1057;1062;0
3218;2;1059;1058;0
3219;2;1064;1058;0
3220;2;1058;1063;0
3221;2;1060;1059;0
3222;2;1059;1065;0
3223;2;1059;1064;0
3224;2;1060;1065;0
3225;2;1061;1060;0
3226;2;1060;1066;0
3227;2;1288;1061;0
3228;2;1061;1299;0
3229;2;1306;1061;0
3230;2;1061;1066;0
3231;2;1063;1062;0
3232;2;1062;1067;0
3233;2;1068;1063;0
3234;2;1063;1067;0
3235;2;1064;1063;0
3236;2;1065;1064;0
3237;2;1069;1064;0
3238;2;1064;1068;0
3239;2;1066;1065;0
3240;2;1065;1070;0
3241;2;1065;1069;0
3242;2;1066;1070;0
3243;2;1306;1066;0
3244;2;1066;1071;0
3245;2;1068;1067;0
3246;2;1073;1067;0
3247;2;1067;1072;0
3248;2;1069;1068;0
3249;2;1068;1074;0
3250;2;1068;1073;0
3251;2;1070;1069;0
3252;2;1075;1069;0
3253;2;1069;1074;0
3254;2;1071;1070;0
3255;2;1070;1076;0
3256;2;1070;1075;0
3257;2;1312;1071;0
3258;2;1315;1071;0
3259;2;1071;1076;0
3260;2;1306;1071;0
3261;2;1072;1077;0
3262;2;1073;1072;0
3263;2;1074;1073;0
3264;2;1078;1073;0
3265;2;1073;1077;0
3266;2;1075;1074;0
3267;2;1079;1074;0
3268;2;1074;1078;0
3269;2;1076;1075;0
3270;2;1080;1075;0
3271;2;1075;1079;0
3272;2;1315;1076;0
3273;2;1076;1081;0
3274;2;1076;1080;0
3275;2;1077;1078;0
3276;2;1078;1079;0
3277;2;1079;1080;0
3278;2;1080;1081;0
3279;2;1081;1276;0
3280;2;1315;1081;0
3281;2;1081;1318;0
3282;2;1082;4294967295;0
3283;2;1083;1082;0
3284;2;1103;1082;0
3285;2;1082;1092;0
3286;2;1082;4294967295;0
3287;2;4294967295;1083;0
3288;2;1084;1083;0
3289;2;1098;1083;0
3290;2;1083;1103;0
3291;2;4294967295;1084;0
3292;2;1085;1084;0
3293;2;1099;1084;0
3294;2;1084;1098;0
3295;2;4294967295;1085;0
3296;2;1086;1085;0
3297;2;1100;1085;0
3298;2;1085;1099;0
3299;2;4294967295;1086;0
3300;2;1087;1086;0
3301;2;1101;1086;0
3302;2;1086;1100;0
3303;2;1087;4294967295;0
3304;2;1102;1087;0
3305;2;1087;1101;0
3306;2;4294967295;1088;0
3307;2;1089;1088;0
3308;2;1088;1094;0
3309;2;1093;1088;0
3310;2;1088;1129;0
3311;2;1090;1089;0
3312;2;1095;1089;0
3313;2;1089;1094;0
3314;2;4294967295;1089;0
3315;2;1090;1095;0
3316;2;4294967295;1090;0
3317;2;1090;1091;0
3318;2;1090;1096;0
3319;2;4294967295;1091;0
3320;2;1092;1091;0
3321;2;1091;1097;0
3322;2;1091;1096;0
3323;2;1103;1092;0
3324;2;1092;1097;0
3325;2;1092;4294967295;0
3326;2;1104;1093;0
3327;2;1093;1139;0
3328;2;1134;1093;0
3329;2;1093;1129;0
3330;2;1094;1093;0
3331;2;1095;1094;0
3332;2;1105;1094;0
3333;2;1094;1104;0
3334;2;1096;1095;0
3335;2;1106;1095;0
3336;2;1095;1105;0
3337;2;1097;1096;0
3338;2;1096;1110;0
3339;2;1096;1106;0
3340;2;1103;1097;0
3341;2;1098;1097;0
3342;2;1097;1110;0
3343;2;1098;1103;0
3344;2;1099;1098;0
3345;2;1098;1110;0
3346;2;1099;1110;0
3347;2;1100;1099;0
3348;2;1099;1107;0
3349;2;1101;1100;0
3350;2;1108;1100;0
3351;2;1100;1107;0
3352;2;1102;1101;0
3353;2;1109;1101;0
3354;2;1101;1108;0
3355;2;1109;1102;0
3356;2;1104;1139;0
3357;2;1105;1104;0
3358;2;1112;1104;0
3359;2;1104;1111;0
3360;2;1105;1112;0
3361;2;1106;1105;0
3362;2;1105;1113;0
3363;2;1110;1106;0
3364;2;1116;1106;0
3365;2;1106;1113;0
3366;2;1107;1110;0
3367;2;1108;1107;0
3368;2;1107;1114;0
3369;2;1107;1116;0
3370;2;1108;1114;0
3371;2;1109;1108;0
3372;2;1108;1115;0
3373;2;1115;1109;0
3374;2;1110;1116;0
3375;2;1111;1117;0
3376;2;1149;1111;0
3377;2;1111;1144;0
3378;2;1111;1139;0
3379;2;1112;1111;0
3380;2;1113;1112;0
3381;2;1124;1112;0
3382;2;1112;1117;0
3383;2;1116;1113;0
3384;2;1113;1114;0
3385;2;1113;1124;0
3386;2;1115;1114;0
3387;2;1119;1114;0
3388;2;1114;1124;0
3389;2;1114;1116;0
3390;2;1118;1115;0
3391;2;1115;1119;0
3392;2;1124;1117;0
3393;2;1117;1121;0
3394;2;1117;1120;0
3395;2;1117;1149;0
3396;2;1122;1118;0
3397;2;1118;1121;0
3398;2;1118;1119;0
3399;2;1121;1119;0
3400;2;1119;1124;0
3401;2;1123;1120;0
3402;2;1159;1120;0
3403;2;1120;1154;0
3404;2;1120;1149;0
3405;2;1121;1120;0
3406;2;1124;1121;0
3407;2;1122;1121;0
3408;2;1121;1123;0
3409;2;1123;1122;0
3410;2;1159;1123;0
3411;2;4294967295;1125;0
3412;2;1126;1125;0
3413;2;1125;1131;0
3414;2;1130;1125;0
3415;2;1125;1165;0
3416;2;4294967295;1126;0
3417;2;1127;1126;0
3418;2;1132;1126;0
3419;2;1126;1131;0
3420;2;4294967295;1127;0
3421;2;1128;1127;0
3422;2;1133;1127;0
3423;2;1127;1132;0
3424;2;4294967295;1128;0
3425;2;1129;1128;0
3426;2;1134;1128;0
3427;2;1128;1133;0
3428;2;1129;4294967295;0
3429;2;1134;1129;0
3430;2;1130;1165;0
3431;2;1131;1130;0
3432;2;1135;1130;0
3433;2;1130;1177;0
3434;2;1130;1171;0
3435;2;1132;1131;0
3436;2;1131;1136;0
3437;2;1131;1135;0
3438;2;1133;1132;0
3439;2;1137;1132;0
3440;2;1132;1136;0
3441;2;1134;1133;0
3442;2;1138;1133;0
3443;2;1133;1137;0
3444;2;1139;1134;0
3445;2;1134;1138;0
3446;2;1140;1135;0
3447;2;1135;1177;0
3448;2;1136;1135;0
3449;2;1135;1141;0
3450;2;1137;1136;0
3451;2;1142;1136;0
3452;2;1136;1141;0
3453;2;1138;1137;0
3454;2;1137;1143;0
3455;2;1137;1142;0
3456;2;1139;1138;0
3457;2;1144;1138;0
3458;2;1138;1143;0
3459;2;1144;1139;0
3460;2;1183;1140;0
3461;2;1140;1177;0
3462;2;1141;1140;0
3463;2;1145;1140;0
3464;2;1140;1189;0
3465;2;1142;1141;0
3466;2;1146;1141;0
3467;2;1141;1145;0
3468;2;1143;1142;0
3469;2;1147;1142;0
3470;2;1142;1146;0
3471;2;1144;1143;0
3472;2;1148;1143;0
3473;2;1143;1147;0
3474;2;1149;1144;0
3475;2;1144;1148;0
3476;2;1150;1145;0
3477;2;1145;1189;0
3478;2;1146;1145;0
3479;2;1145;1151;0
3480;2;1147;1146;0
3481;2;1152;1146;0
3482;2;1146;1151;0
3483;2;1148;1147;0
3484;2;1147;1153;0
3485;2;1147;1152;0
3486;2;1149;1148;0
3487;2;1154;1148;0
3488;2;1148;1153;0
3489;2;1154;1149;0
3490;2;1151;1150;0
3491;2;1155;1150;0
3492;2;1150;1201;0
3493;2;1150;1195;0
3494;2;1150;1189;0
3495;2;1152;1151;0
3496;2;1156;1151;0
3497;2;1151;1155;0
3498;2;1157;1152;0
3499;2;1152;1156;0
3500;2;1153;1152;0
3501;2;1154;1153;0
3502;2;1153;1158;0
3503;2;1153;1157;0
3504;2;1159;1154;0
3505;2;1154;1158;0
3506;2;1201;1155;0
3507;2;1155;1156;0
3508;2;1156;1157;0
3509;2;1157;1158;0
3510;2;1158;1159;0
3511;2;4294967295;1160;0
3512;2;1161;1160;0
3513;2;1160;1167;0
3514;2;1166;1160;0
3515;2;1160;1207;0
3516;2;4294967295;1161;0
3517;2;1162;1161;0
3518;2;1168;1161;0
3519;2;1161;1167;0
3520;2;4294967295;1162;0
3521;2;1163;1162;0
3522;2;1169;1162;0
3523;2;1162;1168;0
3524;2;4294967295;1163;0
3525;2;1164;1163;0
3526;2;1170;1163;0
3527;2;1163;1169;0
3528;2;4294967295;1164;0
3529;2;1165;1164;0
3530;2;1171;1164;0
3531;2;1164;1170;0
3532;2;1165;4294967295;0
3533;2;1171;1165;0
3534;2;1166;1207;0
3535;2;1167;1166;0
3536;2;1172;1166;0
3537;2;1166;1218;0
3538;2;1166;1212;0
3539;2;1168;1167;0
3540;2;1173;1167;0
3541;2;1167;1172;0
3542;2;1169;1168;0
3543;2;1174;1168;0
3544;2;1168;1173;0
3545;2;1170;1169;0
3546;2;1175;1169;0
3547;2;1169;1174;0
3548;2;1171;1170;0
3549;2;1176;1170;0
3550;2;1170;1175;0
3551;2;1177;1171;0
3552;2;1171;1176;0
3553;2;1172;1218;0
3554;2;1173;1172;0
3555;2;1179;1172;0
3556;2;1172;1178;0
3557;2;1180;1173;0
3558;2;1173;1179;0
3559;2;1174;1173;0
3560;2;1175;1174;0
3561;2;1181;1174;0
3562;2;1174;1180;0
3563;2;1176;1175;0
3564;2;1175;1182;0
3565;2;1175;1181;0
3566;2;1177;1176;0
3567;2;1183;1176;0
3568;2;1176;1182;0
3569;2;1183;1177;0
3570;2;1178;1218;0
3571;2;1179;1178;0
3572;2;1184;1178;0
3573;2;1178;1229;0
3574;2;1178;1223;0
3575;2;1180;1179;0
3576;2;1185;1179;0
3577;2;1179;1184;0
3578;2;1186;1180;0
3579;2;1180;1185;0
3580;2;1181;1180;0
3581;2;1182;1181;0
3582;2;1187;1181;0
3583;2;1181;1186;0
3584;2;1183;1182;0
3585;2;1188;1182;0
3586;2;1182;1187;0
3587;2;1189;1183;0
3588;2;1183;1188;0
3589;2;1185;1184;0
3590;2;1191;1184;0
3591;2;1184;1190;0
3592;2;1184;1229;0
3593;2;1186;1185;0
3594;2;1192;1185;0
3595;2;1185;1191;0
3596;2;1187;1186;0
3597;2;1193;1186;0
3598;2;1186;1192;0
3599;2;1187;1193;0
3600;2;1188;1187;0
3601;2;1187;1194;0
3602;2;1189;1188;0
3603;2;1195;1188;0
3604;2;1188;1194;0
3605;2;1195;1189;0
3606;2;1240;1190;0
3607;2;1234;1190;0
3608;2;1190;1229;0
3609;2;1191;1190;0
3610;2;1190;1196;0
3611;2;1192;1191;0
3612;2;1197;1191;0
3613;2;1191;1196;0
3614;2;1193;1192;0
3615;2;1198;1192;0
3616;2;1192;1197;0
3617;2;1194;1193;0
3618;2;1199;1193;0
3619;2;1193;1198;0
3620;2;1200;1194;0
3621;2;1194;1199;0
3622;2;1195;1194;0
3623;2;1201;1195;0
3624;2;1195;1200;0
3625;2;1240;1196;0
3626;2;1196;1197;0
3627;2;1197;1198;0
3628;2;1198;1199;0
3629;2;1199;1200;0
3630;2;1200;1201;0
3631;2;1202;1203;0
3632;2;1208;1202;0
3633;2;1250;1202;0
3634;2;1202;1245;0
3635;2;1202;4294967295;0
3636;2;4294967295;1203;0
3637;2;1204;1203;0
3638;2;1209;1203;0
3639;2;1203;1208;0
3640;2;4294967295;1204;0
3641;2;1205;1204;0
3642;2;1210;1204;0
3643;2;1204;1209;0
3644;2;4294967295;1205;0
3645;2;1206;1205;0
3646;2;1211;1205;0
3647;2;1205;1210;0
3648;2;4294967295;1206;0
3649;2;1207;1206;0
3650;2;1212;1206;0
3651;2;1206;1211;0
3652;2;1207;4294967295;0
3653;2;1212;1207;0
3654;2;1209;1208;0
3655;2;1214;1208;0
3656;2;1208;1213;0
3657;2;1208;1250;0
3658;2;1210;1209;0
3659;2;1215;1209;0
3660;2;1209;1214;0
3661;2;1211;1210;0
3662;2;1216;1210;0
3663;2;1210;1215;0
3664;2;1212;1211;0
3665;2;1211;1217;0
3666;2;1211;1216;0
3667;2;1218;1212;0
3668;2;1212;1217;0
3669;2;1213;1250;0
3670;2;1214;1213;0
3671;2;1219;1213;0
3672;2;1213;1261;0
3673;2;1213;1255;0
3674;2;1215;1214;0
3675;2;1220;1214;0
3676;2;1214;1219;0
3677;2;1216;1215;0
3678;2;1221;1215;0
3679;2;1215;1220;0
3680;2;1217;1216;0
3681;2;1222;1216;0
3682;2;1216;1221;0
3683;2;1218;1217;0
3684;2;1223;1217;0
3685;2;1217;1222;0
3686;2;1223;1218;0
3687;2;1220;1219;0
3688;2;1225;1219;0
3689;2;1219;1224;0
3690;2;1219;1261;0
3691;2;1221;1220;0
3692;2;1226;1220;0
3693;2;1220;1225;0
3694;2;1222;1221;0
3695;2;1221;1227;0
3696;2;1221;1226;0
3697;2;1223;1222;0
3698;2;1228;1222;0
3699;2;1222;1227;0
3700;2;1229;1223;0
3701;2;1223;1228;0
3702;2;1225;1224;0
3703;2;1230;1224;0
3704;2;1224;1271;0
3705;2;1266;1224;0
3706;2;1224;1261;0
3707;2;1226;1225;0
3708;2;1225;1231;0
3709;2;1225;1230;0
3710;2;1227;1226;0
3711;2;1232;1226;0
3712;2;1226;1231;0
3713;2;1228;1227;0
3714;2;1233;1227;0
3715;2;1227;1232;0
3716;2;1229;1228;0
3717;2;1234;1228;0
3718;2;1228;1233;0
3719;2;1234;1229;0
3720;2;1231;1230;0
3721;2;1236;1230;0
3722;2;1230;1235;0
3723;2;1230;1271;0
3724;2;1232;1231;0
3725;2;1231;1237;0
3726;2;1231;1236;0
3727;2;1232;1237;0
3728;2;1233;1232;0
3729;2;1232;1238;0
3730;2;1234;1233;0
3731;2;1239;1233;0
3732;2;1233;1238;0
3733;2;1240;1234;0
3734;2;1234;1239;0
3735;2;1235;1236;0
3736;2;1275;1235;0
3737;2;1235;1271;0
3738;2;1236;1237;0
3739;2;1237;1238;0
3740;2;1238;1239;0
3741;2;1239;1240;0
3742;2;1241;1242;0
3743;2;1246;1241;0
3744;2;1297;1241;0
3745;2;1241;1287;0
3746;2;1241;4294967295;0
3747;2;4294967295;1242;0
3748;2;1243;1242;0
3749;2;1247;1242;0
3750;2;1242;1246;0
3751;2;4294967295;1243;0
3752;2;1244;1243;0
3753;2;1248;1243;0
3754;2;1243;1247;0
3755;2;4294967295;1244;0
3756;2;1245;1244;0
3757;2;1249;1244;0
3758;2;1244;1248;0
3759;2;1245;4294967295;0
3760;2;1250;1245;0
3761;2;1245;1249;0
3762;2;1246;1297;0
3763;2;1247;1246;0
3764;2;1252;1246;0
3765;2;1246;1251;0
3766;2;1248;1247;0
3767;2;1253;1247;0
3768;2;1247;1252;0
3769;2;1249;1248;0
3770;2;1254;1248;0
3771;2;1248;1253;0
3772;2;1250;1249;0
3773;2;1255;1249;0
3774;2;1249;1254;0
3775;2;1255;1250;0
3776;2;1252;1251;0
3777;2;1257;1251;0
3778;2;1251;1256;0
3779;2;1304;1251;0
3780;2;1251;1297;0
3781;2;1253;1252;0
3782;2;1258;1252;0
3783;2;1252;1257;0
3784;2;1259;1253;0
3785;2;1253;1258;0
3786;2;1254;1253;0
3787;2;1255;1254;0
3788;2;1260;1254;0
3789;2;1254;1259;0
3790;2;1261;1255;0
3791;2;1255;1260;0
3792;2;1256;1304;0
3793;2;1257;1256;0
3794;2;1262;1256;0
3795;2;1256;1313;0
3796;2;1256;1310;0
3797;2;1258;1257;0
3798;2;1263;1257;0
3799;2;1257;1262;0
3800;2;1258;1263;0
3801;2;1259;1258;0
3802;2;1264;1258;0
3803;2;1260;1259;0
3804;2;1265;1259;0
3805;2;1259;1264;0
3806;2;1261;1260;0
3807;2;1266;1260;0
3808;2;1260;1265;0
3809;2;1266;1261;0
3810;2;1317;1262;0
3811;2;1262;1313;0
3812;2;1263;1262;0
3813;2;1262;1267;0
3814;2;1264;1263;0
3815;2;1263;1268;0
3816;2;1263;1267;0
3817;2;1265;1264;0
3818;2;1264;1269;0
3819;2;1264;1268;0
3820;2;1266;1265;0
3821;2;1270;1265;0
3822;2;1265;1269;0
3823;2;1271;1266;0
3824;2;1266;1270;0
3825;2;1276;1267;0
3826;2;1267;1317;0
3827;2;1268;1267;0
3828;2;1267;1272;0
3829;2;1269;1268;0
3830;2;1273;1268;0
3831;2;1268;1272;0
3832;2;1270;1269;0
3833;2;1274;1269;0
3834;2;1269;1273;0
3835;2;1271;1270;0
3836;2;1275;1270;0
3837;2;1270;1274;0
3838;2;1275;1271;0
3839;2;1272;1273;0
3840;2;1276;1272;0
3841;2;1273;1274;0
3842;2;1274;1275;0
3843;2;1318;1276;0
3844;2;1276;1317;0
3845;2;4294967295;1277;0
3846;2;1277;4294967295;0
3847;2;1283;1277;0
3848;2;1298;1277;0
3849;2;1277;1282;0
3850;2;1278;1288;0
3851;2;4294967295;1278;0
3852;2;1279;1278;0
3853;2;1278;1289;0
3854;2;4294967295;1279;0
3855;2;1280;1279;0
3856;2;1290;1279;0
3857;2;1279;1289;0
3858;2;4294967295;1280;0
3859;2;1281;1280;0
3860;2;1291;1280;0
3861;2;1280;1290;0
3862;2;4294967295;1281;0
3863;2;1282;1281;0
3864;2;1292;1281;0
3865;2;1281;1291;0
3866;2;1282;4294967295;0
3867;2;1298;1282;0
3868;2;1282;1292;0
3869;2;4294967295;1283;0
3870;2;1284;1283;0
3871;2;1283;1293;0
3872;2;1283;1298;0
3873;2;1294;1284;0
3874;2;1284;1293;0
3875;2;4294967295;1284;0
3876;2;1284;1285;0
3877;2;4294967295;1285;0
3878;2;1286;1285;0
3879;2;1295;1285;0
3880;2;1285;1294;0
3881;2;1286;1295;0
3882;2;4294967295;1286;0
3883;2;1286;1287;0
3884;2;1286;1296;0
3885;2;1287;4294967295;0
3886;2;1297;1287;0
3887;2;1287;1296;0
3888;2;1289;1288;0
3889;2;1288;1299;0
3890;2;1290;1289;0
3891;2;1300;1289;0
3892;2;1289;1299;0
3893;2;1301;1290;0
3894;2;1290;1300;0
3895;2;1291;1290;0
3896;2;1292;1291;0
3897;2;1305;1291;0
3898;2;1291;1301;0
3899;2;1293;1292;0
3900;2;1292;1305;0
3901;2;1298;1292;0
3902;2;1294;1293;0
3903;2;1293;1305;0
3904;2;1293;1298;0
3905;2;1295;1294;0
3906;2;1294;1302;0
3907;2;1294;1305;0
3908;2;1296;1295;0
3909;2;1303;1295;0
3910;2;1295;1302;0
3911;2;1297;1296;0
3912;2;1304;1296;0
3913;2;1296;1303;0
3914;2;1304;1297;0
3915;2;1299;1306;0
3916;2;1300;1299;0
3917;2;1299;1307;0
3918;2;1301;1300;0
3919;2;1300;1308;0
3920;2;1300;1307;0
3921;2;1305;1301;0
3922;2;1301;1311;0
3923;2;1301;1308;0
3924;2;1302;1305;0
3925;2;1303;1302;0
3926;2;1309;1302;0
3927;2;1302;1311;0
3928;2;1304;1303;0
3929;2;1310;1303;0
3930;2;1303;1309;0
3931;2;1310;1304;0
3932;2;1305;1311;0
3933;2;1307;1306;0
3934;2;1306;1312;0
3935;2;1308;1307;0
3936;2;1319;1307;0
3937;2;1307;1312;0
3938;2;1308;1319;0
3939;2;1311;1308;0
3940;2;1308;1309;0
3941;2;1310;1309;0
3942;2;1314;1309;0
3943;2;1309;1319;0
3944;2;1309;1311;0
3945;2;1313;1310;0
3946;2;1310;1314;0
3947;2;1319;1312;0
3948;2;1316;1312;0
3949;2;1312;1315;0
3950;2;1316;1313;0
3951;2;1313;1314;0
3952;2;1317;1313;0
3953;2;1316;1314;0
3954;2;1314;1319;0
3955;2;1316;1315;0
3956;2;1315;1318;0
3957;2;1317;1316;0
3958;2;1316;1318;0
3959;2;1319;1316;0
3960;2;1318;1317;0
